Data,Ultimo,Apertura,Massimo,Minimo,Vol.,Var. %
"07.05.2021","10,930","10,960","10,970","10,910","299,16K","0,00%"
"06.05.2021","10,930","10,910","11,005","10,820","2,22M","-0,36%"
"05.05.2021","10,970","10,865","10,970","10,840","2,48M","1,86%"
"04.05.2021","10,770","11,050","11,100","10,730","3,80M","-2,53%"
"03.05.2021","11,050","10,950","11,095","10,915","2,75M","1,38%"
"30.04.2021","10,900","10,955","11,010","10,820","1,57M","-0,14%"
"29.04.2021","10,915","10,930","11,150","10,865","3,40M","-0,05%"
"28.04.2021","10,920","10,855","10,920","10,785","2,65M","0,88%"
"27.04.2021","10,825","10,825","10,835","10,725","1,69M","0,14%"
"26.04.2021","10,810","10,880","10,890","10,790","1,60M","-0,37%"
"23.04.2021","10,850","10,585","10,890","10,570","3,51M","2,26%"
"22.04.2021","10,610","10,680","10,680","10,555","2,21M","-0,05%"
"21.04.2021","10,615","10,655","10,745","10,525","1,98M","0,00%"
"20.04.2021","10,615","10,850","10,945","10,610","3,87M","-1,35%"
"19.04.2021","10,760","10,760","10,820","10,715","1,94M","-0,14%"
"16.04.2021","10,775","10,680","10,780","10,625","2,01M","1,13%"
"15.04.2021","10,655","10,635","10,690","10,620","1,76M","-0,09%"
"14.04.2021","10,665","10,780","10,780","10,605","2,44M","-1,07%"
"13.04.2021","10,780","10,785","10,805","10,685","1,81M","-0,05%"
"12.04.2021","10,785","10,795","10,810","10,685","2,00M","-0,09%"
"09.04.2021","10,795","10,770","10,820","10,685","2,52M","0,23%"
"08.04.2021","10,770","10,960","10,965","10,755","2,79M","-1,42%"
"07.04.2021","10,925","10,940","10,950","10,830","2,21M","-0,14%"
"06.04.2021","10,940","10,950","11,020","10,875","2,71M","0,27%"
"01.04.2021","10,910","10,895","10,940","10,800","2,42M","0,65%"
"31.03.2021","10,840","10,845","11,000","10,840","3,95M","-0,14%"
"30.03.2021","10,855","10,870","10,895","10,750","3,48M","0,70%"
"29.03.2021","10,780","10,585","10,820","10,575","4,76M","2,18%"
"26.03.2021","10,550","10,525","10,570","10,480","3,48M","0,86%"
"25.03.2021","10,460","10,430","10,490","10,355","2,95M","-0,10%"
"24.03.2021","10,470","10,400","10,520","10,335","3,22M","0,53%"
"23.03.2021","10,415","10,500","10,530","10,365","2,64M","-0,86%"
"22.03.2021","10,505","10,290","10,565","10,245","3,67M","1,60%"
"19.03.2021","10,340","10,240","10,620","10,155","34,16M","-1,10%"
"18.03.2021","10,455","10,460","10,570","10,405","4,42M","0,72%"
"17.03.2021","10,380","10,445","10,650","10,355","7,09M","-0,53%"
"16.03.2021","10,435","10,235","10,450","10,230","4,83M","2,15%"
"15.03.2021","10,215","10,310","10,405","10,165","3,85M","-0,58%"
"12.03.2021","10,275","10,195","10,335","10,100","3,21M","0,88%"
"11.03.2021","10,185","10,250","10,305","10,140","4,17M","-0,44%"
"10.03.2021","10,230","10,140","10,240","10,060","3,27M","0,89%"
"09.03.2021","10,140","10,040","10,265","10,025","6,34M","1,00%"
"08.03.2021","10,040","9,966","10,065","9,946","6,10M","1,93%"
"05.03.2021","9,850","9,894","9,974","9,750","4,26M","-1,24%"
"04.03.2021","9,974","9,860","9,986","9,858","4,39M","0,24%"
"03.03.2021","9,950","9,922","9,994","9,804","4,32M","0,75%"
"02.03.2021","9,876","9,790","9,944","9,718","5,21M","0,49%"
"01.03.2021","9,828","9,490","9,828","9,438","5,69M","4,51%"
"26.02.2021","9,404","9,444","9,600","9,368","4,43M","-2,12%"
"25.02.2021","9,608","9,606","9,634","9,504","2,82M","0,61%"
"24.02.2021","9,550","9,510","9,668","9,420","2,92M","0,23%"
"23.02.2021","9,528","9,682","9,710","9,380","4,11M","-1,20%"
"22.02.2021","9,644","9,368","9,664","9,330","4,02M","2,62%"
"19.02.2021","9,398","9,304","9,462","9,286","2,87M","1,01%"
"18.02.2021","9,304","9,520","9,544","9,264","5,49M","-1,88%"
"17.02.2021","9,482","9,854","9,890","9,456","7,23M","-1,76%"
"16.02.2021","9,652","9,770","9,790","9,614","3,62M","-1,21%"
"15.02.2021","9,770","9,768","9,854","9,718","3,48M","0,95%"
"12.02.2021","9,678","9,662","9,700","9,460","4,02M","0,29%"
"11.02.2021","9,650","9,560","9,710","9,540","3,92M","1,43%"
"10.02.2021","9,514","9,584","9,700","9,504","4,59M","-0,59%"
"09.02.2021","9,570","9,500","9,648","9,346","5,61M","1,21%"
"08.02.2021","9,456","9,302","9,498","9,274","6,11M","2,56%"
"05.02.2021","9,220","9,080","9,290","9,022","7,68M","2,31%"
"04.02.2021","9,012","8,870","9,066","8,706","7,56M","1,60%"
"03.02.2021","8,870","8,648","8,908","8,576","13,73M","7,13%"
"02.02.2021","8,280","8,340","8,372","8,260","3,12M","-0,17%"
"01.02.2021","8,294","8,150","8,298","8,120","2,08M","2,70%"
"29.01.2021","8,076","8,138","8,216","8,076","2,38M","-1,92%"
"28.01.2021","8,234","8,110","8,256","8,072","2,43M","0,91%"
"27.01.2021","8,160","8,392","8,400","8,160","2,69M","-2,42%"
"26.01.2021","8,362","8,208","8,392","8,208","1,77M","1,88%"
"25.01.2021","8,208","8,332","8,404","8,172","2,65M","-0,73%"
"22.01.2021","8,268","8,300","8,310","8,126","2,62M","-0,60%"
"21.01.2021","8,318","8,470","8,482","8,314","1,88M","-0,93%"
"20.01.2021","8,396","8,410","8,468","8,374","2,49M","1,03%"
"19.01.2021","8,310","8,416","8,424","8,300","1,58M","-0,84%"
"18.01.2021","8,380","8,334","8,400","8,264","1,38M","0,34%"
"15.01.2021","8,352","8,426","8,494","8,322","2,97M","0,00%"
"14.01.2021","8,352","8,434","8,474","8,352","2,34M","-0,97%"
"13.01.2021","8,434","8,358","8,458","8,358","1,67M","0,52%"
"12.01.2021","8,390","8,560","8,578","8,302","4,79M","-1,69%"
"11.01.2021","8,534","8,620","8,638","8,488","1,60M","-0,70%"
"08.01.2021","8,594","8,740","8,770","8,562","2,50M","-1,42%"
"07.01.2021","8,718","8,600","8,736","8,552","4,70M","2,08%"
"06.01.2021","8,540","8,370","8,568","8,316","3,21M","3,04%"
"05.01.2021","8,288","8,340","8,368","8,252","2,51M","-0,65%"
"04.01.2021","8,342","8,380","8,412","8,298","1,74M","0,26%"
"30.12.2020","8,320","8,364","8,390","8,320","1,16M","-0,36%"
"29.12.2020","8,350","8,416","8,426","8,312","1,55M","-0,48%"
"28.12.2020","8,390","8,410","8,462","8,380","1,27M","0,26%"
"23.12.2020","8,368","8,356","8,408","8,304","1,59M","0,41%"
"22.12.2020","8,334","8,206","8,344","8,190","1,86M","2,06%"
"21.12.2020","8,166","8,204","8,222","8,002","4,10M","-2,30%"
"18.12.2020","8,358","8,390","8,418","8,344","4,20M","-0,38%"
"17.12.2020","8,390","8,516","8,548","8,382","2,78M","-1,04%"
"16.12.2020","8,478","8,360","8,536","8,358","3,49M","1,61%"
"15.12.2020","8,344","8,330","8,382","8,298","2,34M","-0,07%"
"14.12.2020","8,350","8,410","8,478","8,350","2,61M","0,00%"
"11.12.2020","8,350","8,362","8,392","8,222","3,15M","-0,81%"
"10.12.2020","8,418","8,400","8,456","8,334","2,22M","0,14%"
"09.12.2020","8,406","8,460","8,522","8,386","2,90M","0,14%"
"08.12.2020","8,394","8,396","8,440","8,370","1,66M","-0,17%"
"07.12.2020","8,408","8,508","8,508","8,390","2,05M","-1,13%"
"04.12.2020","8,504","8,460","8,546","8,428","2,27M","0,35%"
"03.12.2020","8,474","8,470","8,490","8,396","2,19M","0,00%"
"02.12.2020","8,474","8,600","8,600","8,434","3,27M","-1,60%"
"01.12.2020","8,612","8,614","8,690","8,592","2,55M","0,80%"
"30.11.2020","8,544","8,724","8,748","8,526","6,56M","-2,91%"
"27.11.2020","8,800","8,700","8,800","8,700","2,13M","1,01%"
"26.11.2020","8,712","8,796","8,820","8,712","1,38M","-0,95%"
"25.11.2020","8,796","8,820","8,864","8,682","3,57M","0,00%"
"24.11.2020","8,796","8,658","8,824","8,648","4,26M","2,26%"
"23.11.2020","8,602","8,720","8,798","8,602","3,81M","-1,80%"
"20.11.2020","8,760","8,734","8,836","8,678","3,66M","0,48%"
"19.11.2020","8,718","8,778","8,850","8,718","12,55M","-1,54%"
"18.11.2020","8,854","8,760","8,976","8,752","6,48M","1,07%"
"17.11.2020","8,760","8,620","8,760","8,614","4,67M","1,69%"
"16.11.2020","8,614","8,682","8,758","8,504","6,35M","1,29%"
"13.11.2020","8,504","8,270","8,514","8,252","8,16M","3,33%"
"12.11.2020","8,230","8,066","8,298","8,056","8,30M","3,03%"
"11.11.2020","7,988","8,060","8,114","7,984","3,36M","-0,72%"
"10.11.2020","8,046","7,852","8,050","7,790","6,48M","2,47%"
"09.11.2020","7,852","7,700","7,984","7,678","6,43M","3,53%"
"06.11.2020","7,584","7,716","7,758","7,564","2,33M","-1,63%"
"05.11.2020","7,710","7,500","7,750","7,476","4,10M","3,30%"
"04.11.2020","7,464","7,116","7,490","7,102","3,16M","3,15%"
"03.11.2020","7,236","7,188","7,300","7,164","3,62M","0,95%"
"02.11.2020","7,168","7,040","7,168","6,930","2,36M","2,40%"
"30.10.2020","7,000","6,950","7,058","6,918","2,26M","-0,11%"
"29.10.2020","7,008","7,142","7,194","6,966","3,05M","-1,35%"
"28.10.2020","7,104","7,350","7,350","7,080","3,94M","-4,21%"
"27.10.2020","7,416","7,500","7,550","7,416","1,97M","-0,72%"
"26.10.2020","7,470","7,486","7,610","7,430","2,01M","-1,61%"
"23.10.2020","7,592","7,582","7,728","7,580","1,76M","-0,18%"
"22.10.2020","7,606","7,570","7,618","7,476","1,65M","0,16%"
"21.10.2020","7,594","7,768","7,774","7,584","2,24M","-1,86%"
"20.10.2020","7,738","7,704","7,836","7,682","1,84M","0,13%"
"19.10.2020","7,728","7,730","7,830","7,694","1,36M","-0,03%"
"16.10.2020","7,730","7,692","7,778","7,582","3,62M","1,26%"
"15.10.2020","7,634","7,966","7,966","7,578","5,65M","-5,00%"
"14.10.2020","8,036","7,870","8,052","7,838","2,93M","2,11%"
"13.10.2020","7,870","8,010","8,050","7,830","2,89M","-2,04%"
"12.10.2020","8,034","8,038","8,058","7,972","1,51M","0,22%"
"09.10.2020","8,016","8,026","8,140","7,976","3,01M","0,02%"
"08.10.2020","8,014","8,040","8,098","7,962","2,24M","-0,05%"
"07.10.2020","8,018","8,084","8,098","7,926","3,23M","-0,87%"
"06.10.2020","8,088","7,938","8,140","7,882","5,74M","2,38%"
"05.10.2020","7,900","7,656","7,944","7,608","5,72M","4,55%"
"02.10.2020","7,556","7,460","7,556","7,420","1,82M","0,59%"
"01.10.2020","7,512","7,610","7,660","7,464","1,99M","-0,74%"
"30.09.2020","7,568","7,540","7,654","7,502","2,04M","-0,11%"
"29.09.2020","7,576","7,708","7,722","7,570","1,44M","-1,99%"
"28.09.2020","7,730","7,660","7,748","7,648","1,59M","1,90%"
"25.09.2020","7,586","7,644","7,690","7,520","2,19M","-0,76%"
"24.09.2020","7,644","7,600","7,756","7,566","1,99M","-0,21%"
"23.09.2020","7,660","7,700","7,804","7,640","2,95M","0,82%"
"22.09.2020","7,598","7,520","7,760","7,484","3,03M","1,41%"
"21.09.2020","7,492","7,760","7,790","7,450","5,09M","-3,48%"
"18.09.2020","7,762","7,906","7,910","7,762","4,44M","-2,29%"
"17.09.2020","7,944","7,800","7,970","7,766","1,95M","0,56%"
"16.09.2020","7,900","7,920","7,980","7,846","2,50M","-0,30%"
"15.09.2020","7,924","7,990","7,990","7,866","2,06M","-0,58%"
"14.09.2020","7,970","8,000","8,022","7,930","1,34M","0,05%"
"11.09.2020","7,966","7,946","7,986","7,880","2,08M","-0,18%"
"10.09.2020","7,980","7,942","7,996","7,866","3,15M","0,50%"
"09.09.2020","7,940","7,784","7,940","7,724","4,00M","1,87%"
"08.09.2020","7,794","7,990","8,034","7,744","3,42M","-2,06%"
"07.09.2020","7,958","7,776","7,980","7,730","3,93M","3,46%"
"04.09.2020","7,692","7,660","7,786","7,632","2,81M","0,21%"
"03.09.2020","7,676","7,850","7,906","7,644","2,67M","-1,67%"
"02.09.2020","7,806","7,770","7,858","7,726","2,31M","0,93%"
"01.09.2020","7,734","7,760","7,800","7,634","2,45M","0,57%"
"31.08.2020","7,690","7,912","7,916","7,690","3,49M","-2,04%"
"28.08.2020","7,850","7,906","7,926","7,816","1,32M","0,08%"
"27.08.2020","7,844","7,928","7,928","7,826","1,98M","-1,16%"
"26.08.2020","7,936","7,900","7,952","7,852","1,46M","0,33%"
"25.08.2020","7,910","7,986","8,072","7,910","2,11M","-0,38%"
"24.08.2020","7,940","7,860","7,940","7,836","2,07M","1,74%"
"21.08.2020","7,804","7,856","7,862","7,744","1,76M","-0,26%"
"20.08.2020","7,824","7,858","7,894","7,780","1,90M","-1,46%"
"19.08.2020","7,940","7,864","7,940","7,784","2,04M","1,04%"
"18.08.2020","7,858","7,880","7,954","7,780","2,26M","-0,33%"
"17.08.2020","7,884","7,998","8,042","7,862","2,94M","-1,57%"
"14.08.2020","8,010","8,000","8,020","7,842","2,41M","-0,42%"
"13.08.2020","8,044","8,126","8,176","8,044","2,03M","-1,20%"
"12.08.2020","8,142","8,142","8,272","8,102","2,71M","-0,12%"
"11.08.2020","8,152","8,080","8,228","8,060","4,77M","1,60%"
"10.08.2020","8,024","7,948","8,060","7,870","3,32M","1,75%"
"07.08.2020","7,886","7,810","7,918","7,704","2,30M","0,79%"
"06.08.2020","7,824","7,924","7,990","7,774","2,22M","-1,56%"
"05.08.2020","7,948","7,978","8,056","7,912","2,16M","-0,03%"
"04.08.2020","7,950","7,934","8,030","7,840","2,83M","0,68%"
"03.08.2020","7,896","7,810","7,962","7,648","3,16M","1,86%"
"31.07.2020","7,752","7,780","7,944","7,704","3,71M","1,87%"
"30.07.2020","7,610","7,880","7,886","7,554","4,33M","-3,43%"
"29.07.2020","7,880","7,902","7,930","7,768","1,90M","-0,25%"
"28.07.2020","7,900","7,960","8,010","7,810","2,41M","-0,55%"
"27.07.2020","7,944","8,148","8,148","7,862","3,39M","-2,50%"
"24.07.2020","8,148","8,100","8,182","7,986","3,52M","-0,49%"
"23.07.2020","8,188","8,330","8,340","8,166","3,78M","-1,59%"
"22.07.2020","8,320","8,244","8,324","8,192","3,37M","0,90%"
"21.07.2020","8,246","8,288","8,424","8,202","7,34M","0,73%"
"20.07.2020","8,186","7,820","8,226","7,736","6,77M","5,11%"
"17.07.2020","7,788","7,852","7,868","7,744","2,91M","-0,94%"
"16.07.2020","7,862","7,810","7,932","7,790","2,35M","0,28%"
"15.07.2020","7,840","7,850","7,882","7,734","3,41M","0,44%"
"14.07.2020","7,806","7,750","7,830","7,718","2,71M","-0,38%"
"13.07.2020","7,836","7,794","7,858","7,664","2,56M","1,90%"
"10.07.2020","7,690","7,600","7,704","7,560","2,53M","0,87%"
"09.07.2020","7,624","7,838","7,858","7,624","3,04M","-2,36%"
"08.07.2020","7,808","7,820","7,880","7,716","3,41M","-0,79%"
"07.07.2020","7,870","7,850","7,938","7,792","2,60M","-0,56%"
"06.07.2020","7,914","7,930","8,004","7,872","3,05M","1,62%"
"03.07.2020","7,788","7,920","7,946","7,760","1,94M","-1,47%"
"02.07.2020","7,904","7,822","7,948","7,750","4,28M","1,93%"
"01.07.2020","7,754","7,752","7,840","7,568","4,51M","0,18%"
"30.06.2020","7,740","7,984","8,020","7,734","5,51M","-3,03%"
"29.06.2020","7,982","7,740","8,010","7,700","3,12M","3,05%"
"26.06.2020","7,746","7,986","7,986","7,746","2,39M","-2,00%"
"25.06.2020","7,904","7,820","7,940","7,682","4,38M","0,71%"
"24.06.2020","7,848","8,188","8,220","7,848","5,12M","-4,43%"
"23.06.2020","8,212","8,166","8,290","8,090","4,39M","1,71%"
"22.06.2020","8,074","7,950","8,232","7,910","4,18M","-1,78%"
"19.06.2020","8,220","8,430","8,476","8,220","8,39M","-2,00%"
"18.06.2020","8,388","8,478","8,530","8,286","4,78M","-0,71%"
"17.06.2020","8,448","8,538","8,660","8,418","4,13M","-0,45%"
"16.06.2020","8,486","8,540","8,642","8,384","5,43M","2,02%"
"15.06.2020","8,318","8,078","8,392","8,040","4,00M","0,85%"
"12.06.2020","8,248","8,036","8,394","7,986","4,31M","1,53%"
"11.06.2020","8,124","8,400","8,424","7,998","5,98M","-5,27%"
"10.06.2020","8,576","8,760","8,806","8,576","4,78M","-1,15%"
"09.06.2020","8,676","9,002","9,048","8,676","6,02M","-3,08%"
"08.06.2020","8,952","8,764","9,104","8,714","6,55M","2,08%"
"05.06.2020","8,770","8,658","8,806","8,624","6,26M","2,36%"
"04.06.2020","8,568","8,260","8,612","8,166","8,21M","3,20%"
"03.06.2020","8,302","8,144","8,332","8,130","6,30M","3,03%"
"02.06.2020","8,058","8,010","8,138","7,930","4,36M","1,15%"
"01.06.2020","7,966","8,020","8,030","7,860","3,14M","0,91%"
"29.05.2020","7,894","7,818","7,968","7,764","5,59M","0,18%"
"28.05.2020","7,880","7,950","8,028","7,842","5,42M","0,33%"
"27.05.2020","7,854","7,780","8,012","7,668","6,10M","1,50%"
"26.05.2020","7,738","7,794","7,854","7,622","4,32M","0,49%"
"25.05.2020","7,700","7,540","7,700","7,430","2,89M","3,47%"
"22.05.2020","7,442","7,300","7,542","7,222","3,54M","0,98%"
"21.05.2020","7,370","7,394","7,496","7,292","2,52M","-0,62%"
"20.05.2020","7,416","7,396","7,434","7,160","4,78M","0,16%"
"19.05.2020","7,404","7,580","7,592","7,330","5,26M","-0,78%"
"18.05.2020","7,462","7,304","7,462","7,230","2,71M","3,84%"
"15.05.2020","7,186","7,416","7,440","7,100","3,62M","-1,70%"
"14.05.2020","7,310","7,450","7,580","7,136","4,33M","-1,83%"
"13.05.2020","7,446","7,710","7,846","7,442","5,78M","-4,00%"
"12.05.2020","7,756","7,680","7,836","7,590","3,80M","2,13%"
"11.05.2020","7,594","7,500","7,690","7,466","3,54M","2,65%"
"08.05.2020","7,398","7,378","7,398","7,212","2,98M","2,35%"
"07.05.2020","7,228","7,412","7,456","7,224","4,30M","-1,66%"
"06.05.2020","7,350","7,570","7,602","7,350","3,27M","-2,83%"
"05.05.2020","7,564","7,568","7,708","7,464","3,18M","1,53%"
"04.05.2020","7,450","7,620","7,670","7,310","3,44M","-3,90%"
"30.04.2020","7,752","8,100","8,140","7,738","4,92M","-3,46%"
"29.04.2020","8,030","7,908","8,086","7,780","4,65M","2,06%"
"28.04.2020","7,868","7,910","8,130","7,852","5,19M","-0,18%"
"27.04.2020","7,882","7,610","7,882","7,598","3,69M","6,54%"
"24.04.2020","7,398","7,428","7,552","7,270","3,93M","-1,60%"
"23.04.2020","7,518","7,576","7,640","7,402","5,27M","-0,66%"
"22.04.2020","7,568","7,542","7,644","7,420","2,72M","1,58%"
"21.04.2020","7,450","7,590","7,694","7,414","3,43M","-2,13%"
"20.04.2020","7,612","7,800","7,822","7,510","2,86M","-1,14%"
"17.04.2020","7,700","7,860","7,912","7,672","3,12M","0,42%"
"16.04.2020","7,668","7,768","7,990","7,658","4,79M","0,82%"
"15.04.2020","7,606","8,310","8,334","7,606","7,35M","-8,80%"
"14.04.2020","8,340","8,488","8,488","8,320","3,03M","0,41%"
"09.04.2020","8,306","8,444","8,568","8,202","3,57M","0,34%"
"08.04.2020","8,278","8,002","8,350","8,002","2,48M","1,50%"
"07.04.2020","8,156","8,304","8,710","8,020","6,13M","1,44%"
"06.04.2020","8,040","8,050","8,120","7,928","3,52M","2,68%"
"03.04.2020","7,830","7,752","7,986","7,590","4,61M","0,75%"
"02.04.2020","7,772","7,492","7,798","7,456","3,60M","5,14%"
"01.04.2020","7,392","7,560","7,660","7,340","5,69M","-4,25%"
"31.03.2020","7,720","8,050","8,134","7,720","7,43M","-2,48%"
"30.03.2020","7,916","7,930","8,034","7,704","4,65M","0,82%"
"27.03.2020","7,852","7,940","8,090","7,654","5,55M","-3,04%"
"26.03.2020","8,098","7,576","8,106","7,554","5,19M","4,68%"
"25.03.2020","7,736","7,954","8,254","7,400","8,05M","0,91%"
"24.03.2020","7,666","7,750","7,850","7,510","7,28M","6,83%"
"23.03.2020","7,176","6,794","7,218","6,632","8,56M","3,46%"
"20.03.2020","6,936","6,982","7,468","6,906","9,30M","0,32%"
"19.03.2020","6,914","6,500","7,300","6,500","11,14M","8,54%"
"18.03.2020","6,370","6,400","6,652","6,128","7,51M","-1,94%"
"17.03.2020","6,496","6,782","7,000","6,400","9,05M","-0,09%"
"16.03.2020","6,502","6,640","6,718","6,104","12,19M","-3,59%"
"13.03.2020","6,744","6,400","7,790","6,354","12,49M","9,77%"
"12.03.2020","6,144","7,530","7,676","6,144","11,48M","-22,03%"
"11.03.2020","7,880","8,000","8,060","7,636","8,54M","0,03%"
"10.03.2020","7,878","8,534","8,708","7,860","9,80M","-6,86%"
"09.03.2020","8,458","8,800","8,844","8,238","13,41M","-13,00%"
"06.03.2020","9,722","9,270","9,744","9,190","8,17M","3,07%"
"05.03.2020","9,432","9,804","9,812","9,352","3,53M","-2,64%"
"04.03.2020","9,688","9,652","9,924","9,492","4,84M","0,71%"
"03.03.2020","9,620","9,510","9,880","9,408","7,93M","3,87%"
"02.03.2020","9,262","9,854","9,864","9,122","9,21M","-3,66%"
"28.02.2020","9,614","9,788","9,940","9,530","6,98M","-4,67%"
"27.02.2020","10,085","10,390","10,400","9,900","5,80M","-4,32%"
"26.02.2020","10,540","10,280","10,580","10,030","5,15M","1,98%"
"25.02.2020","10,335","10,520","10,590","10,255","4,65M","-1,52%"
"24.02.2020","10,495","10,815","10,945","10,405","6,91M","-7,08%"
"21.02.2020","11,295","11,305","11,510","11,200","3,37M","0,09%"
"20.02.2020","11,285","11,510","11,510","11,280","2,84M","-1,95%"
"19.02.2020","11,510","11,340","11,635","11,335","4,57M","1,50%"
"18.02.2020","11,340","10,880","11,400","10,880","6,06M","3,70%"
"17.02.2020","10,935","10,985","11,015","10,870","1,79M","-0,14%"
"14.02.2020","10,950","10,995","10,995","10,900","1,50M","-0,27%"
"13.02.2020","10,980","10,950","10,995","10,835","2,36M","0,05%"
"12.02.2020","10,975","11,025","11,035","10,905","2,34M","-0,54%"
"11.02.2020","11,035","10,950","11,080","10,910","2,56M","1,19%"
"10.02.2020","10,905","10,865","10,945","10,850","1,50M","0,00%"
"07.02.2020","10,905","10,790","10,945","10,730","2,70M","1,02%"
"06.02.2020","10,795","10,800","10,875","10,720","2,31M","0,65%"
"05.02.2020","10,725","10,690","10,825","10,615","2,53M","0,19%"
"04.02.2020","10,705","10,575","10,745","10,480","2,29M","1,90%"
"03.02.2020","10,505","10,400","10,520","10,180","2,80M","1,50%"
"31.01.2020","10,350","10,850","10,850","10,350","5,61M","-4,08%"
"30.01.2020","10,790","10,895","11,030","10,785","4,76M","-1,86%"
"29.01.2020","10,995","11,045","11,180","10,955","3,30M","-0,77%"
"28.01.2020","11,080","10,635","11,100","10,635","6,41M","4,18%"
"27.01.2020","10,635","10,480","10,845","10,420","6,09M","0,47%"
"24.01.2020","10,585","10,345","10,775","10,295","5,56M","3,17%"
"23.01.2020","10,260","10,280","10,335","10,220","2,41M","-0,15%"
"22.01.2020","10,275","10,430","10,440","10,275","2,44M","-1,30%"
"21.01.2020","10,410","10,320","10,415","10,235","2,33M","0,29%"
"20.01.2020","10,380","10,285","10,440","10,235","2,52M","0,92%"
"17.01.2020","10,285","10,110","10,285","10,105","2,34M","2,39%"
"16.01.2020","10,045","10,105","10,135","10,010","2,18M","-0,20%"
"15.01.2020","10,065","10,090","10,105","10,025","1,80M","0,05%"
"14.01.2020","10,060","10,200","10,210","10,015","2,57M","-0,89%"
"13.01.2020","10,150","10,220","10,260","10,115","1,57M","-0,59%"
"10.01.2020","10,210","10,295","10,340","10,210","2,12M","-0,44%"
"09.01.2020","10,255","10,220","10,320","10,150","4,96M","1,58%"
"08.01.2020","10,095","10,125","10,145","10,075","2,66M","-1,37%"
"07.01.2020","10,235","10,050","10,275","9,992","3,12M","2,58%"
"06.01.2020","9,978","10,000","10,035","9,800","2,16M","-0,86%"
"03.01.2020","10,065","10,165","10,190","9,972","2,30M","-1,28%"
"02.01.2020","10,195","10,125","10,195","10,100","1,62M","0,74%"
"30.12.2019","10,120","10,240","10,260","10,120","1,35M","-1,22%"
"27.12.2019","10,245","10,305","10,320","10,225","1,13M","-0,49%"
"23.12.2019","10,295","10,400","10,415","10,265","1,47M","-1,29%"
"20.12.2019","10,430","10,435","10,460","10,365","4,17M","1,31%"
"19.12.2019","10,295","10,255","10,365","10,240","2,35M","0,00%"
"18.12.2019","10,295","10,170","10,330","10,170","2,50M","1,28%"
"17.12.2019","10,165","10,280","10,315","10,165","3,01M","-0,93%"
"16.12.2019","10,260","10,200","10,340","10,185","2,02M","0,88%"
"13.12.2019","10,170","10,490","10,540","10,120","3,03M","-2,07%"
"12.12.2019","10,385","10,280","10,435","10,230","2,69M","1,66%"
"11.12.2019","10,215","10,320","10,325","10,205","2,27M","-1,11%"
"10.12.2019","10,330","10,180","10,330","10,105","1,95M","1,42%"
"09.12.2019","10,185","10,295","10,350","10,145","3,72M","-1,26%"
"06.12.2019","10,315","10,350","10,395","10,265","1,51M","0,15%"
"05.12.2019","10,300","10,470","10,495","10,290","1,49M","-1,81%"
"04.12.2019","10,490","10,350","10,520","10,325","2,02M","1,30%"
"03.12.2019","10,355","10,255","10,525","10,255","3,40M","1,07%"
"02.12.2019","10,245","10,600","10,655","10,245","3,74M","-3,26%"
"29.11.2019","10,590","10,630","10,705","10,560","1,91M","-0,42%"
"28.11.2019","10,635","10,770","10,800","10,605","1,96M","-1,44%"
"27.11.2019","10,790","10,885","10,940","10,775","2,20M","-0,64%"
"26.11.2019","10,860","10,935","10,985","10,860","2,84M","-0,91%"
"25.11.2019","10,960","10,970","11,030","10,930","1,79M","0,27%"
"22.11.2019","10,930","10,890","10,965","10,870","2,16M","0,83%"
"21.11.2019","10,840","10,950","10,955","10,835","2,00M","-1,23%"
"20.11.2019","10,975","10,875","10,975","10,805","2,82M","0,92%"
"19.11.2019","10,875","11,090","11,135","10,860","3,16M","-1,72%"
"18.11.2019","11,065","11,060","11,145","11,015","2,72M","-0,85%"
"15.11.2019","11,160","11,210","11,235","11,100","1,93M","0,18%"
"14.11.2019","11,140","11,100","11,195","11,070","2,65M","0,22%"
"13.11.2019","11,115","11,185","11,240","11,065","3,02M","-0,80%"
"12.11.2019","11,205","10,980","11,205","10,950","4,66M","2,14%"
"11.11.2019","10,970","10,790","10,970","10,775","2,62M","1,20%"
"08.11.2019","10,840","10,870","10,870","10,720","2,32M","-0,18%"
"07.11.2019","10,860","11,020","11,030","10,800","3,88M","-1,23%"
"06.11.2019","10,995","11,160","11,180","10,885","5,92M","-1,57%"
"05.11.2019","11,170","11,100","11,265","11,050","3,09M","0,68%"
"04.11.2019","11,095","11,030","11,125","11,025","2,50M","0,59%"
"01.11.2019","11,030","10,940","11,030","10,870","1,49M","1,38%"
"31.10.2019","10,880","10,860","10,950","10,810","2,05M","-0,27%"
"30.10.2019","10,910","10,845","10,920","10,765","1,90M","0,18%"
"29.10.2019","10,890","10,845","10,965","10,830","2,88M","-0,18%"
"28.10.2019","10,910","10,860","10,910","10,740","1,73M","0,46%"
"25.10.2019","10,860","10,990","10,990","10,820","1,99M","-1,18%"
"24.10.2019","10,990","11,010","11,030","10,935","2,87M","0,37%"
"23.10.2019","10,950","10,950","10,995","10,755","2,84M","0,23%"
"22.10.2019","10,925","11,000","11,070","10,860","2,95M","1,16%"
"21.10.2019","10,800","10,845","10,900","10,790","1,73M","0,33%"
"18.10.2019","10,765","10,735","10,850","10,705","2,81M","0,56%"
"17.10.2019","10,705","10,625","10,805","10,610","2,15M","1,13%"
"16.10.2019","10,585","10,790","10,795","10,580","2,37M","-1,44%"
"15.10.2019","10,740","10,610","10,875","10,605","3,73M","1,37%"
"14.10.2019","10,595","10,560","10,600","10,485","1,50M","0,14%"
"11.10.2019","10,580","10,265","10,580","10,205","3,65M","3,22%"
"10.10.2019","10,250","10,235","10,250","10,105","1,90M","0,34%"
"09.10.2019","10,215","10,130","10,270","10,125","1,45M","0,84%"
"08.10.2019","10,130","10,270","10,295","10,085","1,81M","-1,32%"
"07.10.2019","10,265","10,035","10,265","9,990","2,20M","2,86%"
"04.10.2019","9,980","10,035","10,050","9,924","1,60M","-0,06%"
"03.10.2019","9,986","9,950","10,095","9,900","1,48M","0,22%"
"02.10.2019","9,964","10,315","10,315","9,964","2,51M","-3,12%"
"01.10.2019","10,285","10,430","10,480","10,255","3,45M","-1,39%"
"30.09.2019","10,430","10,250","10,505","10,240","3,77M","1,66%"
"27.09.2019","10,260","10,290","10,290","10,175","1,67M","0,49%"
"26.09.2019","10,210","10,160","10,260","10,160","1,17M","-0,05%"
"25.09.2019","10,215","10,265","10,265","10,055","1,76M","-0,58%"
"24.09.2019","10,275","10,125","10,285","10,125","2,65M","2,09%"
"23.09.2019","10,065","10,120","10,180","10,005","1,50M","-1,13%"
"20.09.2019","10,180","10,150","10,180","10,045","3,34M","0,99%"
"19.09.2019","10,080","10,170","10,175","10,040","3,00M","-0,79%"
"18.09.2019","10,160","9,930","10,175","9,928","2,00M","1,86%"
"17.09.2019","9,974","10,015","10,050","9,922","1,99M","-0,85%"
"16.09.2019","10,060","10,135","10,135","9,952","1,62M","-1,23%"
"13.09.2019","10,185","10,160","10,200","10,130","1,50M","0,59%"
"12.09.2019","10,125","9,980","10,240","9,970","3,63M","1,76%"
"11.09.2019","9,950","9,926","10,010","9,846","2,21M","0,40%"
"10.09.2019","9,910","10,025","10,050","9,834","3,05M","-1,69%"
"09.09.2019","10,080","10,070","10,090","10,005","1,29M","0,05%"
"06.09.2019","10,075","10,030","10,110","9,972","2,06M","0,25%"
"05.09.2019","10,050","10,160","10,225","9,988","3,46M","-0,40%"
"04.09.2019","10,090","9,980","10,230","9,970","2,96M","1,92%"
"03.09.2019","9,900","9,916","9,930","9,828","1,43M","0,24%"
"02.09.2019","9,876","9,814","9,940","9,780","1,42M","1,06%"
"30.08.2019","9,772","9,840","9,910","9,730","3,23M","-0,69%"
"29.08.2019","9,840","9,434","9,860","9,402","4,39M","4,70%"
"28.08.2019","9,398","9,476","9,528","9,290","2,90M","-1,05%"
"27.08.2019","9,498","9,452","9,544","9,394","2,99M","0,83%"
"26.08.2019","9,420","9,350","9,498","9,262","1,50M","0,21%"
"23.08.2019","9,400","9,734","9,734","9,400","2,33M","-2,73%"
"22.08.2019","9,664","9,698","9,740","9,600","2,03M","-0,35%"
"21.08.2019","9,698","9,474","9,714","9,436","2,43M","2,80%"
"20.08.2019","9,434","9,484","9,510","9,386","1,41M","-0,69%"
"19.08.2019","9,500","9,326","9,510","9,294","2,14M","2,88%"
"16.08.2019","9,234","9,180","9,388","9,130","2,60M","0,98%"
"14.08.2019","9,144","9,320","9,334","9,102","2,12M","-1,78%"
"13.08.2019","9,310","9,030","9,344","8,980","2,85M","2,31%"
"12.08.2019","9,100","9,088","9,186","9,044","2,60M","1,18%"
"09.08.2019","8,994","9,494","9,520","8,944","7,03M","-6,68%"
"08.08.2019","9,638","9,620","9,650","9,480","1,83M","1,65%"
"07.08.2019","9,482","9,396","9,618","9,390","2,45M","1,54%"
"06.08.2019","9,338","9,470","9,524","9,338","2,15M","-1,58%"
"05.08.2019","9,488","9,620","9,670","9,472","2,03M","-1,60%"
"02.08.2019","9,642","9,650","9,718","9,564","2,49M","-1,17%"
"01.08.2019","9,756","9,650","9,992","9,634","3,47M","0,99%"
"31.07.2019","9,660","9,500","9,680","9,432","4,82M","3,45%"
"30.07.2019","9,338","9,584","9,584","9,332","1,95M","-2,61%"
"29.07.2019","9,588","9,380","9,602","9,380","1,70M","1,93%"
"26.07.2019","9,406","9,470","9,474","9,388","1,60M","-0,72%"
"25.07.2019","9,474","9,440","9,670","9,420","2,99M","0,79%"
"24.07.2019","9,400","9,382","9,420","9,312","2,19M","0,19%"
"23.07.2019","9,382","9,464","9,510","9,382","1,65M","-0,64%"
"22.07.2019","9,442","9,380","9,490","9,368","1,18M","0,45%"
"19.07.2019","9,400","9,586","9,610","9,356","2,60M","-1,74%"
"18.07.2019","9,566","9,500","9,596","9,500","1,24M","-0,21%"
"17.07.2019","9,586","9,616","9,648","9,520","1,81M","-0,31%"
"16.07.2019","9,616","9,670","9,702","9,616","1,73M","-0,87%"
"15.07.2019","9,700","9,622","9,768","9,620","2,39M","0,43%"
"12.07.2019","9,658","9,642","9,676","9,610","1,53M","0,06%"
"11.07.2019","9,652","9,756","9,770","9,652","2,34M","-0,98%"
"10.07.2019","9,748","9,668","9,756","9,608","1,97M","0,97%"
"09.07.2019","9,654","9,676","9,746","9,654","2,11M","-0,47%"
"08.07.2019","9,700","9,680","9,752","9,652","2,08M","-0,14%"
"05.07.2019","9,714","9,758","9,804","9,690","1,71M","-0,37%"
"04.07.2019","9,750","9,700","9,812","9,680","2,59M","0,62%"
"03.07.2019","9,690","9,422","9,698","9,422","5,25M","2,37%"
"02.07.2019","9,466","9,248","9,466","9,246","3,51M","2,40%"
"01.07.2019","9,244","9,300","9,330","9,244","2,11M","-0,17%"
"28.06.2019","9,260","9,140","9,268","9,140","2,64M","1,31%"
"27.06.2019","9,140","9,134","9,204","9,066","2,11M","0,09%"
"26.06.2019","9,132","9,122","9,192","9,090","2,38M","-0,41%"
"25.06.2019","9,170","9,210","9,224","9,146","2,20M","-0,69%"
"24.06.2019","9,234","9,150","9,274","9,140","4,12M","-2,94%"
"21.06.2019","9,514","9,500","9,612","9,482","7,34M","-0,02%"
"20.06.2019","9,516","9,382","9,620","9,368","4,95M","1,54%"
"19.06.2019","9,372","9,290","9,372","9,274","3,06M","0,88%"
"18.06.2019","9,290","9,200","9,320","9,148","3,21M","0,76%"
"17.06.2019","9,220","9,268","9,300","9,220","1,87M","-0,52%"
"14.06.2019","9,268","9,220","9,278","9,214","2,06M","0,39%"
"13.06.2019","9,232","9,188","9,264","9,154","1,89M","0,48%"
"12.06.2019","9,188","9,200","9,242","9,152","1,99M","-0,39%"
"11.06.2019","9,224","9,152","9,280","9,130","2,90M","1,34%"
"10.06.2019","9,102","9,192","9,192","9,086","1,35M","0,00%"
"07.06.2019","9,102","8,926","9,118","8,926","2,57M","1,97%"
"06.06.2019","8,926","8,906","9,066","8,862","2,38M","0,54%"
"05.06.2019","8,878","8,956","8,994","8,776","2,82M","-0,69%"
"04.06.2019","8,940","8,694","8,984","8,662","3,02M","2,55%"
"03.06.2019","8,718","8,626","8,742","8,590","2,28M","0,21%"
"31.05.2019","8,700","8,700","8,762","8,648","2,81M","-0,93%"
"30.05.2019","8,782","8,678","8,800","8,678","2,17M","1,53%"
"29.05.2019","8,650","8,804","8,828","8,638","3,11M","-2,02%"
"28.05.2019","8,828","8,844","8,868","8,670","4,33M","-0,79%"
"27.05.2019","8,898","8,890","9,070","8,848","1,47M","-0,25%"
"24.05.2019","8,920","8,800","8,986","8,790","3,29M","1,73%"
"23.05.2019","8,768","8,990","8,992","8,758","2,71M","-2,58%"
"22.05.2019","9,000","9,084","9,154","8,948","3,27M","-1,77%"
"21.05.2019","9,162","9,100","9,196","9,044","4,38M","0,64%"
"20.05.2019","9,104","9,004","9,144","9,004","2,29M","0,89%"
"17.05.2019","9,024","9,216","9,216","9,004","2,63M","-2,23%"
"16.05.2019","9,230","9,104","9,230","9,002","2,30M","1,29%"
"15.05.2019","9,112","9,170","9,194","8,888","3,90M","-0,63%"
"14.05.2019","9,170","8,892","9,170","8,854","3,63M","3,08%"
"13.05.2019","8,896","8,994","9,010","8,850","3,35M","-1,16%"
"10.05.2019","9,000","9,042","9,078","9,000","2,84M","-0,09%"
"09.05.2019","9,008","9,122","9,218","9,000","3,76M","-1,23%"
"08.05.2019","9,120","9,334","9,334","9,012","5,70M","-3,16%"
"07.05.2019","9,418","9,370","9,438","9,342","3,13M","0,75%"
"06.05.2019","9,348","9,340","9,380","9,212","2,37M","-0,97%"
"03.05.2019","9,440","9,412","9,508","9,394","1,70M","0,00%"
"02.05.2019","9,440","9,530","9,576","9,412","2,47M","-0,74%"
"30.04.2019","9,510","9,376","9,544","9,352","3,81M","1,45%"
"29.04.2019","9,374","9,252","9,398","9,240","2,08M","1,32%"
"26.04.2019","9,252","9,250","9,276","9,106","2,64M","0,30%"
"25.04.2019","9,224","9,250","9,306","9,192","1,84M","-0,41%"
"24.04.2019","9,262","9,480","9,506","9,252","3,77M","-2,11%"
"23.04.2019","9,462","9,532","9,572","9,420","3,57M","-0,61%"
"18.04.2019","9,520","9,500","9,556","9,314","4,68M","0,04%"
"17.04.2019","9,516","9,074","9,526","9,048","8,35M","5,71%"
"16.04.2019","9,002","9,068","9,110","8,980","3,02M","-0,75%"
"15.04.2019","9,070","8,942","9,074","8,942","2,30M","1,07%"
"12.04.2019","8,974","9,006","9,036","8,930","2,11M","-0,18%"
"11.04.2019","8,990","8,942","9,028","8,862","2,83M","0,54%"
"10.04.2019","8,942","8,996","8,996","8,892","3,71M","-0,16%"
"09.04.2019","8,956","8,954","9,070","8,948","4,49M","0,36%"
"08.04.2019","8,924","8,850","8,978","8,820","3,51M","1,71%"
"05.04.2019","8,774","8,750","8,820","8,748","2,76M","0,39%"
"04.04.2019","8,740","8,748","8,758","8,704","2,42M","-0,07%"
"03.04.2019","8,746","8,700","8,746","8,668","2,54M","0,81%"
"02.04.2019","8,676","8,650","8,704","8,634","3,11M","0,30%"
"01.04.2019","8,650","8,690","8,738","8,644","3,00M","-0,25%"
"29.03.2019","8,672","8,680","8,690","8,594","3,32M","0,88%"
"28.03.2019","8,596","8,610","8,672","8,582","2,46M","-0,35%"
"27.03.2019","8,626","8,620","8,738","8,608","3,88M","0,02%"
"26.03.2019","8,624","8,604","8,632","8,568","2,46M","0,40%"
"25.03.2019","8,590","8,512","8,654","8,422","4,01M","0,35%"
"22.03.2019","8,560","8,650","8,756","8,560","5,19M","-0,90%"
"21.03.2019","8,638","8,450","8,648","8,446","6,03M","2,35%"
"20.03.2019","8,440","8,360","8,476","8,336","7,21M","0,96%"
"19.03.2019","8,360","8,180","8,384","8,160","6,73M","2,58%"
"18.03.2019","8,150","8,090","8,176","8,064","3,17M","0,87%"
"15.03.2019","8,080","8,000","8,088","7,972","4,18M","1,10%"
"14.03.2019","7,992","7,942","7,992","7,936","2,13M","0,40%"
"13.03.2019","7,960","7,912","7,960","7,896","2,35M","0,25%"
"12.03.2019","7,940","7,916","7,962","7,858","2,21M","0,48%"
"11.03.2019","7,902","7,840","7,914","7,820","1,54M","1,15%"
"08.03.2019","7,812","7,902","7,942","7,764","2,83M","-1,71%"
"07.03.2019","7,948","7,930","8,016","7,892","3,23M","0,05%"
"06.03.2019","7,944","7,922","7,954","7,884","1,95M","0,20%"
"05.03.2019","7,928","7,900","7,940","7,880","1,61M","0,46%"
"04.03.2019","7,892","7,960","7,984","7,892","2,56M","-0,55%"
"01.03.2019","7,936","7,942","7,960","7,910","2,88M","0,08%"
"28.02.2019","7,930","7,858","7,934","7,848","2,83M","0,38%"
"27.02.2019","7,900","7,882","7,900","7,816","2,04M","0,03%"
"26.02.2019","7,898","7,790","7,898","7,758","3,21M","1,07%"
"25.02.2019","7,814","7,802","7,890","7,782","2,26M","0,41%"
"22.02.2019","7,782","7,774","7,798","7,740","1,63M","0,31%"
"21.02.2019","7,758","7,740","7,804","7,716","2,58M","0,39%"
"20.02.2019","7,728","7,760","7,768","7,666","1,79M","-0,28%"
"19.02.2019","7,750","7,748","7,802","7,708","1,80M","-0,31%"
"18.02.2019","7,774","7,746","7,786","7,726","1,95M","0,36%"
"15.02.2019","7,746","7,600","7,810","7,570","4,50M","1,04%"
"14.02.2019","7,666","7,762","7,790","7,662","2,37M","-1,19%"
"13.02.2019","7,758","7,690","7,778","7,672","3,70M","1,02%"
"12.02.2019","7,680","7,610","7,690","7,548","2,78M","1,48%"
"11.02.2019","7,568","7,478","7,610","7,470","2,34M","1,20%"
"08.02.2019","7,478","7,454","7,604","7,420","2,65M","0,32%"
"07.02.2019","7,454","7,654","7,684","7,454","3,77M","-3,02%"
"06.02.2019","7,686","7,628","7,694","7,598","2,63M","0,55%"
"05.02.2019","7,644","7,520","7,644","7,480","3,45M","1,65%"
"04.02.2019","7,520","7,340","7,524","7,336","3,53M","2,34%"
"01.02.2019","7,348","7,516","7,550","7,266","5,69M","-2,21%"
"31.01.2019","7,514","7,662","7,698","7,404","5,48M","-2,03%"
"30.01.2019","7,670","7,660","7,686","7,610","1,32M","0,16%"
"29.01.2019","7,658","7,688","7,726","7,624","2,81M","-0,31%"
"28.01.2019","7,682","7,674","7,746","7,660","2,39M","-0,13%"
"25.01.2019","7,692","7,650","7,692","7,556","5,08M","1,00%"
"24.01.2019","7,616","7,650","7,664","7,538","3,59M","0,24%"
"23.01.2019","7,598","7,512","7,644","7,482","2,43M","0,93%"
"22.01.2019","7,528","7,572","7,582","7,492","3,25M","-0,95%"
"21.01.2019","7,600","7,548","7,600","7,488","2,51M","0,18%"
"18.01.2019","7,586","7,450","7,586","7,432","4,73M","2,51%"
"17.01.2019","7,400","7,312","7,414","7,284","2,41M","0,63%"
"16.01.2019","7,354","7,244","7,360","7,196","2,50M","1,86%"
"15.01.2019","7,220","7,276","7,290","7,172","2,74M","-0,44%"
"14.01.2019","7,252","7,184","7,260","7,164","2,10M","0,47%"
"11.01.2019","7,218","7,200","7,244","7,178","1,88M","0,25%"
"10.01.2019","7,200","7,050","7,200","7,050","2,41M","1,32%"
"09.01.2019","7,106","7,070","7,148","7,026","2,19M","0,99%"
"08.01.2019","7,036","7,100","7,152","7,036","2,45M","-0,54%"
"07.01.2019","7,074","7,100","7,130","7,012","2,68M","-0,14%"
"04.01.2019","7,084","7,040","7,092","6,988","2,73M","1,23%"
"03.01.2019","6,998","6,948","7,076","6,908","2,87M","0,40%"
"02.01.2019","6,970","6,952","7,004","6,818","2,43M","-0,20%"
"28.12.2018","6,984","6,878","7,010","6,878","2,33M","2,22%"
"27.12.2018","6,832","6,948","6,972","6,820","2,61M","-1,10%"
"21.12.2018","6,908","6,954","7,010","6,900","4,87M","-1,46%"
"20.12.2018","7,010","7,020","7,092","6,910","3,84M","-1,38%"
"19.12.2018","7,108","6,950","7,212","6,940","5,95M","3,22%"
"18.12.2018","6,886","6,850","6,928","6,816","2,73M","-0,15%"
"17.12.2018","6,896","6,930","6,988","6,880","2,90M","-0,49%"
"14.12.2018","6,930","6,806","6,956","6,724","3,43M","0,93%"
"13.12.2018","6,866","6,850","6,948","6,710","3,10M","0,64%"
"12.12.2018","6,822","6,594","6,830","6,562","4,86M","4,03%"
"11.12.2018","6,558","6,550","6,672","6,472","2,77M","0,99%"
"10.12.2018","6,494","6,550","6,612","6,494","1,93M","-1,16%"
"07.12.2018","6,570","6,598","6,646","6,570","1,99M","0,49%"
"06.12.2018","6,538","6,838","6,838","6,532","4,10M","-5,27%"
"05.12.2018","6,902","6,722","6,920","6,716","2,59M","1,32%"
"04.12.2018","6,812","6,850","6,874","6,798","1,62M","-0,79%"
"03.12.2018","6,866","6,814","6,872","6,738","2,52M","2,42%"
"30.11.2018","6,704","6,722","6,732","6,654","3,46M","-0,03%"
"29.11.2018","6,706","6,750","6,812","6,688","2,61M","0,06%"
"28.11.2018","6,702","6,820","6,850","6,672","3,69M","-1,50%"
"27.11.2018","6,804","6,846","6,886","6,760","2,71M","-0,53%"
"26.11.2018","6,840","6,660","6,858","6,650","4,74M","3,89%"
"23.11.2018","6,584","6,572","6,650","6,550","1,37M","0,52%"
"22.11.2018","6,550","6,596","6,598","6,448","1,94M","-0,52%"
"21.11.2018","6,584","6,426","6,590","6,392","3,85M","3,29%"
"20.11.2018","6,374","6,520","6,564","6,348","3,39M","-2,75%"
"19.11.2018","6,554","6,542","6,656","6,538","2,31M","0,58%"
"16.11.2018","6,516","6,550","6,568","6,476","2,39M","0,25%"
"15.11.2018","6,500","6,668","6,710","6,406","4,97M","-2,52%"
"14.11.2018","6,668","6,810","6,840","6,560","5,24M","-3,19%"
"13.11.2018","6,888","6,910","6,934","6,754","3,45M","0,06%"
"12.11.2018","6,884","6,886","6,988","6,862","3,75M","0,20%"
"09.11.2018","6,870","6,820","6,918","6,730","3,93M","0,67%"
"08.11.2018","6,824","6,880","7,064","6,770","8,97M","2,09%"
"07.11.2018","6,684","6,490","6,724","6,490","4,01M","3,31%"
"06.11.2018","6,470","6,510","6,530","6,416","2,64M","-0,64%"
"05.11.2018","6,512","6,600","6,600","6,506","1,62M","-1,39%"
"02.11.2018","6,604","6,570","6,690","6,538","2,85M","0,79%"
"01.11.2018","6,552","6,324","6,558","6,324","3,87M","3,18%"
"31.10.2018","6,350","6,240","6,358","6,236","3,93M","2,62%"
"30.10.2018","6,188","6,328","6,386","6,188","2,32M","-2,21%"
"29.10.2018","6,328","6,172","6,398","6,172","3,56M","3,16%"
"26.10.2018","6,134","6,110","6,134","6,032","2,94M","0,10%"
"25.10.2018","6,128","6,000","6,228","5,986","3,86M","2,17%"
"24.10.2018","5,998","6,310","6,310","5,992","4,47M","-4,03%"
"23.10.2018","6,250","6,194","6,282","6,090","3,88M","0,22%"
"22.10.2018","6,236","6,410","6,498","6,216","3,67M","-0,54%"
"19.10.2018","6,270","6,118","6,284","5,982","4,94M","2,45%"
"18.10.2018","6,120","6,220","6,366","6,120","3,55M","-2,80%"
"17.10.2018","6,296","6,400","6,440","6,280","1,90M","-1,25%"
"16.10.2018","6,376","6,266","6,376","6,230","3,44M","1,66%"
"15.10.2018","6,272","6,268","6,314","6,220","1,81M","0,38%"
"12.10.2018","6,248","6,300","6,360","6,244","2,35M","-0,45%"
"11.10.2018","6,276","6,400","6,428","6,276","3,69M","-2,76%"
"10.10.2018","6,454","6,360","6,610","6,356","6,22M","1,00%"
"09.10.2018","6,390","6,360","6,430","6,260","3,78M","0,53%"
"08.10.2018","6,356","6,540","6,558","6,322","4,96M","-3,70%"
"05.10.2018","6,600","6,700","6,738","6,600","4,04M","-1,58%"
"04.10.2018","6,706","6,760","6,786","6,650","2,89M","0,09%"
"03.10.2018","6,700","6,822","6,832","6,640","4,19M","0,21%"
"02.10.2018","6,686","6,756","6,756","6,500","5,94M","-1,79%"
"01.10.2018","6,808","6,858","6,964","6,780","3,88M","-1,08%"
"28.09.2018","6,882","6,980","6,990","6,702","11,05M","-4,28%"
"27.09.2018","7,190","7,198","7,238","7,054","2,93M","-0,66%"
"26.09.2018","7,238","7,198","7,278","7,172","2,61M","0,58%"
"25.09.2018","7,196","7,148","7,196","7,128","1,64M","1,18%"
"24.09.2018","7,112","7,022","7,184","7,022","2,21M","0,48%"
"21.09.2018","7,078","7,086","7,130","7,050","3,43M","0,83%"
"20.09.2018","7,020","6,950","7,068","6,928","3,27M","1,36%"
"19.09.2018","6,926","6,944","6,958","6,902","2,34M","-0,26%"
"18.09.2018","6,944","6,960","6,980","6,878","2,73M","-0,49%"
"17.09.2018","6,978","6,882","7,016","6,862","2,08M","0,95%"
"14.09.2018","6,912","6,902","6,942","6,840","2,34M","0,58%"
"13.09.2018","6,872","7,004","7,074","6,866","4,26M","-2,55%"
"12.09.2018","7,052","7,160","7,202","7,000","3,79M","-1,56%"
"11.09.2018","7,164","7,240","7,240","7,088","2,12M","-0,53%"
"10.09.2018","7,202","7,022","7,266","7,022","4,43M","2,30%"
"07.09.2018","7,040","7,030","7,080","6,946","2,26M","0,40%"
"06.09.2018","7,012","7,060","7,088","6,996","2,75M","-0,62%"
"05.09.2018","7,056","6,922","7,170","6,916","5,76M","1,94%"
"04.09.2018","6,922","6,780","6,948","6,768","5,48M","2,64%"
"03.09.2018","6,744","6,600","6,744","6,576","2,67M","1,69%"
"31.08.2018","6,632","6,704","6,714","6,614","3,56M","-0,99%"
"30.08.2018","6,698","6,792","6,820","6,680","3,28M","-1,30%"
"29.08.2018","6,786","6,734","6,790","6,702","3,31M","0,44%"
"28.08.2018","6,756","6,782","6,832","6,708","3,03M","-0,38%"
"27.08.2018","6,782","6,826","6,852","6,774","1,81M","-0,56%"
"24.08.2018","6,820","6,792","6,828","6,762","2,35M","0,38%"
"23.08.2018","6,794","6,820","6,846","6,764","2,87M","-0,38%"
"22.08.2018","6,820","6,958","6,972","6,770","4,21M","-1,96%"
"21.08.2018","6,956","6,754","6,974","6,754","4,24M","3,17%"
"20.08.2018","6,742","6,850","6,862","6,740","4,48M","-1,58%"
"17.08.2018","6,850","6,940","6,970","6,812","4,45M","-1,24%"
"16.08.2018","6,936","7,220","7,290","6,936","6,55M","-2,97%"
"14.08.2018","7,148","7,100","7,218","7,082","3,73M","1,05%"
"13.08.2018","7,074","7,046","7,096","6,994","3,67M","-0,42%"
"10.08.2018","7,104","7,190","7,228","7,018","4,88M","-1,47%"
"09.08.2018","7,210","7,366","7,374","7,200","3,75M","-1,69%"
"08.08.2018","7,334","7,400","7,446","7,328","3,34M","-1,21%"
"07.08.2018","7,424","7,392","7,452","7,348","3,60M","0,38%"
"06.08.2018","7,396","7,414","7,450","7,324","3,30M","-0,70%"
"03.08.2018","7,448","7,510","7,522","7,294","5,93M","-1,01%"
"02.08.2018","7,524","7,900","7,900","7,450","11,47M","-5,41%"
"01.08.2018","7,954","7,990","8,060","7,934","4,66M","-0,15%"
"31.07.2018","7,966","7,920","7,998","7,920","3,21M","0,61%"
"30.07.2018","7,918","7,866","7,968","7,852","2,15M","0,43%"
"27.07.2018","7,884","7,830","7,932","7,830","2,54M","0,43%"
"26.07.2018","7,850","7,734","7,850","7,728","3,62M","1,63%"
"25.07.2018","7,724","7,670","7,794","7,666","3,76M","0,18%"
"24.07.2018","7,710","7,728","7,810","7,710","2,68M","-0,31%"
"23.07.2018","7,734","7,706","7,770","7,686","1,59M","0,26%"
"20.07.2018","7,714","7,732","7,790","7,680","3,08M","-1,15%"
"19.07.2018","7,804","7,762","7,858","7,678","3,39M","0,54%"
"18.07.2018","7,762","7,770","7,812","7,724","2,85M","0,00%"
"17.07.2018","7,762","7,680","7,768","7,656","3,24M","1,04%"
"16.07.2018","7,682","7,560","7,682","7,552","3,19M","1,45%"
"13.07.2018","7,572","7,590","7,620","7,570","2,33M","-0,24%"
"12.07.2018","7,590","7,490","7,590","7,430","2,59M","1,47%"
"11.07.2018","7,480","7,500","7,516","7,424","3,07M","-1,06%"
"10.07.2018","7,560","7,510","7,592","7,488","2,91M","0,93%"
"09.07.2018","7,490","7,448","7,512","7,422","2,72M","0,78%"
"06.07.2018","7,432","7,396","7,440","7,380","2,63M","0,49%"
"05.07.2018","7,396","7,264","7,430","7,254","3,51M","1,87%"
"04.07.2018","7,260","7,240","7,290","7,220","2,02M","0,25%"
"03.07.2018","7,242","7,192","7,268","7,140","2,92M","0,86%"
"02.07.2018","7,180","7,146","7,230","7,098","3,23M","0,14%"
"29.06.2018","7,170","7,250","7,316","7,170","4,56M","-0,14%"
"28.06.2018","7,180","7,188","7,244","7,122","3,51M","-0,97%"
"27.06.2018","7,250","7,264","7,266","7,154","3,39M","-0,47%"
"26.06.2018","7,284","7,300","7,330","7,222","3,19M","0,47%"
"25.06.2018","7,250","7,314","7,330","7,250","2,24M","-1,31%"
"22.06.2018","7,346","7,362","7,408","7,324","2,59M","0,11%"
"21.06.2018","7,338","7,450","7,494","7,282","3,87M","-1,24%"
"20.06.2018","7,430","7,400","7,470","7,374","4,71M","0,46%"
"19.06.2018","7,396","7,284","7,400","7,216","5,08M","1,01%"
"18.06.2018","7,322","7,280","7,436","7,264","6,26M","-4,04%"
"15.06.2018","7,630","7,822","7,854","7,574","13,45M","-2,43%"
"14.06.2018","7,820","7,672","7,820","7,618","9,49M","2,36%"
"13.06.2018","7,640","7,510","7,712","7,486","9,85M","1,89%"
"12.06.2018","7,498","7,400","7,524","7,324","7,00M","1,90%"
"11.06.2018","7,358","7,200","7,380","7,156","5,30M","3,87%"
"08.06.2018","7,084","7,220","7,250","7,084","6,37M","-2,72%"
"07.06.2018","7,282","7,410","7,464","7,254","4,59M","-0,38%"
"06.06.2018","7,310","7,360","7,376","7,218","5,17M","-0,05%"
"05.06.2018","7,314","7,520","7,574","7,308","5,74M","-2,64%"
"04.06.2018","7,512","7,572","7,630","7,460","4,13M","0,56%"
"01.06.2018","7,470","7,552","7,638","7,444","7,63M","1,99%"
"31.05.2018","7,324","7,440","7,600","7,280","12,73M","0,22%"
"30.05.2018","7,308","7,110","7,320","7,060","10,92M","4,19%"
"29.05.2018","7,014","7,288","7,288","6,906","14,60M","-4,49%"
"28.05.2018","7,344","7,628","7,748","7,270","7,85M","-3,22%"
"25.05.2018","7,588","7,740","7,788","7,470","5,86M","-1,53%"
"24.05.2018","7,706","7,768","7,868","7,648","7,27M","0,60%"
"23.05.2018","7,660","7,710","7,710","7,540","5,12M","-0,49%"
"22.05.2018","7,698","7,656","7,718","7,614","4,19M","0,81%"
"21.05.2018","7,636","7,600","7,768","7,502","5,94M","0,21%"
"18.05.2018","7,620","7,932","7,932","7,560","9,95M","-3,45%"
"17.05.2018","7,892","7,950","8,068","7,798","6,53M","-0,23%"
"16.05.2018","7,910","8,196","8,214","7,822","10,21M","-3,75%"
"15.05.2018","8,218","8,150","8,218","8,102","3,72M","0,78%"
"14.05.2018","8,154","8,150","8,180","8,104","3,43M","0,05%"
"11.05.2018","8,150","8,166","8,190","8,010","4,80M","0,42%"
"10.05.2018","8,116","8,240","8,436","8,070","12,19M","0,12%"
"09.05.2018","8,106","8,080","8,160","8,080","3,06M","0,35%"
"08.05.2018","8,078","8,162","8,170","8,002","5,29M","-0,47%"
"07.05.2018","8,116","8,160","8,170","8,096","2,36M","-0,47%"
"04.05.2018","8,154","8,070","8,178","8,062","3,64M","1,04%"
"03.05.2018","8,070","8,076","8,114","8,054","2,82M","-0,17%"
"02.05.2018","8,084","8,150","8,158","8,040","5,51M","-0,27%"
"30.04.2018","8,106","8,000","8,128","7,972","4,57M","1,68%"
"27.04.2018","7,972","7,910","7,972","7,888","2,69M","0,55%"
"26.04.2018","7,928","7,938","7,942","7,880","2,54M","0,20%"
"25.04.2018","7,912","7,874","7,924","7,818","2,35M","0,43%"
"24.04.2018","7,878","7,850","7,940","7,844","2,97M","0,10%"
"23.04.2018","7,870","7,772","7,870","7,772","2,69M","1,03%"
"20.04.2018","7,790","7,772","7,810","7,760","3,13M","0,41%"
"19.04.2018","7,758","7,720","7,766","7,700","2,67M","0,21%"
"18.04.2018","7,742","7,788","7,790","7,718","3,66M","-0,62%"
"17.04.2018","7,790","7,720","7,790","7,700","3,41M","0,91%"
"16.04.2018","7,720","7,670","7,744","7,642","2,57M","0,60%"
"13.04.2018","7,674","7,714","7,718","7,662","1,91M","-0,05%"
"12.04.2018","7,678","7,650","7,720","7,650","2,49M","0,08%"
"11.04.2018","7,672","7,680","7,722","7,626","4,56M","-0,16%"
"10.04.2018","7,684","7,610","7,684","7,592","4,26M","1,11%"
"09.04.2018","7,600","7,558","7,614","7,548","2,78M","0,77%"
"06.04.2018","7,542","7,526","7,576","7,490","3,70M","-0,11%"
"05.04.2018","7,550","7,500","7,584","7,480","4,84M","1,67%"
"04.04.2018","7,426","7,398","7,452","7,320","3,20M","0,76%"
"03.04.2018","7,370","7,340","7,466","7,326","3,62M","-0,67%"
"29.03.2018","7,420","7,370","7,420","7,328","4,27M","0,87%"
"28.03.2018","7,356","7,236","7,356","7,198","3,26M","1,55%"
"27.03.2018","7,244","7,302","7,308","7,240","2,95M","0,33%"
"26.03.2018","7,220","7,262","7,294","7,204","2,49M","-0,36%"
"23.03.2018","7,246","7,250","7,284","7,140","3,46M","-0,82%"
"22.03.2018","7,306","7,340","7,390","7,278","3,74M","-0,92%"
"21.03.2018","7,374","7,398","7,400","7,342","2,65M","-0,19%"
"20.03.2018","7,388","7,332","7,408","7,330","3,13M","0,68%"
"19.03.2018","7,338","7,386","7,392","7,286","7,06M","-0,76%"
"16.03.2018","7,394","7,288","7,420","7,268","7,26M","1,57%"
"15.03.2018","7,280","7,176","7,292","7,168","2,92M","1,59%"
"14.03.2018","7,166","7,280","7,318","7,134","5,31M","-1,29%"
"13.03.2018","7,260","7,418","7,444","7,240","5,43M","-2,16%"
"12.03.2018","7,420","7,420","7,480","7,382","5,18M","1,70%"
"09.03.2018","7,296","7,312","7,346","7,214","5,70M","-0,52%"
"08.03.2018","7,334","7,138","7,370","7,126","10,05M","2,54%"
"07.03.2018","7,152","6,966","7,170","6,950","7,69M","2,64%"
"06.03.2018","6,968","6,940","6,988","6,914","3,99M","0,84%"
"05.03.2018","6,910","6,800","6,940","6,732","4,81M","0,64%"
"02.03.2018","6,866","6,988","7,000","6,840","6,02M","-2,17%"
"01.03.2018","7,018","7,060","7,076","6,998","3,43M","-0,62%"
"28.02.2018","7,062","7,010","7,118","6,960","6,76M","0,31%"
"27.02.2018","7,040","6,750","7,142","6,722","24,79M","5,80%"
"26.02.2018","6,654","6,742","6,762","6,630","4,25M","-0,86%"
"23.02.2018","6,712","6,668","6,752","6,668","2,88M","0,09%"
"22.02.2018","6,706","6,740","6,772","6,656","3,20M","-0,80%"
"21.02.2018","6,760","6,774","6,784","6,728","3,05M","-0,29%"
"20.02.2018","6,780","6,712","6,810","6,678","8,88M","1,71%"
"19.02.2018","6,666","6,660","6,710","6,628","2,57M","0,15%"
"16.02.2018","6,656","6,600","6,660","6,584","3,03M","1,12%"
"15.02.2018","6,582","6,528","6,582","6,508","3,14M","0,83%"
"14.02.2018","6,528","6,488","6,532","6,458","3,06M","0,99%"
"13.02.2018","6,464","6,520","6,548","6,464","2,06M","-1,16%"
"12.02.2018","6,540","6,496","6,556","6,462","2,94M","1,62%"
"09.02.2018","6,436","6,406","6,502","6,392","3,57M","-0,16%"
"08.02.2018","6,446","6,530","6,556","6,442","3,49M","-1,89%"
"07.02.2018","6,570","6,444","6,570","6,400","4,22M","2,66%"
"06.02.2018","6,400","6,430","6,520","6,390","6,52M","-3,00%"
"05.02.2018","6,598","6,564","6,646","6,534","4,56M","0,21%"
"02.02.2018","6,584","6,638","6,644","6,574","3,64M","-1,02%"
"01.02.2018","6,652","6,676","6,700","6,614","3,48M","-0,18%"
"31.01.2018","6,664","6,628","6,680","6,608","2,87M","0,60%"
"30.01.2018","6,624","6,650","6,682","6,622","2,98M","-0,42%"
"29.01.2018","6,652","6,700","6,722","6,652","4,06M","-0,57%"
"26.01.2018","6,690","6,665","6,730","6,665","2,47M","0,22%"
"25.01.2018","6,675","6,620","6,690","6,620","2,66M","0,38%"
"24.01.2018","6,650","6,670","6,695","6,650","2,85M","-0,67%"
"23.01.2018","6,695","6,750","6,750","6,650","3,15M","-0,37%"
"22.01.2018","6,720","6,725","6,730","6,660","2,86M","-0,07%"
"19.01.2018","6,725","6,585","6,745","6,560","7,14M","2,20%"
"18.01.2018","6,580","6,530","6,580","6,480","4,08M","0,69%"
"17.01.2018","6,535","6,545","6,565","6,515","2,77M","-0,08%"
"16.01.2018","6,540","6,540","6,550","6,465","4,50M","0,00%"
"15.01.2018","6,540","6,475","6,550","6,475","3,19M","0,77%"
"12.01.2018","6,490","6,460","6,490","6,445","3,15M","0,78%"
"11.01.2018","6,440","6,470","6,480","6,425","2,71M","-0,46%"
"10.01.2018","6,470","6,425","6,470","6,425","3,08M","0,31%"
"09.01.2018","6,450","6,425","6,450","6,400","2,66M","0,31%"
"08.01.2018","6,430","6,410","6,430","6,380","2,40M","0,39%"
"05.01.2018","6,405","6,360","6,425","6,355","2,71M","0,47%"
"04.01.2018","6,375","6,340","6,425","6,340","3,97M","0,31%"
"03.01.2018","6,355","6,295","6,360","6,255","2,52M","0,95%"
"02.01.2018","6,295","6,280","6,310","6,235","2,36M","0,32%"
"29.12.2017","6,275","6,335","6,335","6,275","2,06M","-0,87%"
"28.12.2017","6,330","6,335","6,355","6,315","1,10M","0,00%"
"27.12.2017","6,330","6,320","6,360","6,310","2,29M","0,00%"
"22.12.2017","6,330","6,385","6,405","6,330","2,24M","-0,63%"
"21.12.2017","6,370","6,350","6,385","6,295","2,16M","0,31%"
"20.12.2017","6,350","6,375","6,415","6,350","2,25M","-0,31%"
"19.12.2017","6,370","6,410","6,450","6,350","3,66M","-0,62%"
"18.12.2017","6,410","6,355","6,440","6,340","6,73M","0,71%"
"15.12.2017","6,365","6,140","6,365","6,135","13,16M","4,09%"
"14.12.2017","6,115","6,120","6,180","6,115","2,98M","-0,24%"
"13.12.2017","6,130","6,145","6,150","6,120","2,16M","-0,16%"
"12.12.2017","6,140","6,125","6,145","6,110","1,76M","0,33%"
"11.12.2017","6,120","6,140","6,145","6,120","1,79M","-0,08%"
"08.12.2017","6,125","6,130","6,145","6,105","2,36M","0,41%"
"07.12.2017","6,100","6,105","6,130","6,100","2,20M","0,16%"
"06.12.2017","6,090","6,125","6,150","6,090","2,79M","-0,90%"
"05.12.2017","6,145","6,140","6,155","6,100","3,35M","0,08%"
"04.12.2017","6,140","6,125","6,140","6,105","2,98M","0,82%"
"01.12.2017","6,090","6,110","6,140","6,055","5,38M","-0,73%"
"30.11.2017","6,135","6,125","6,165","6,100","6,38M","-0,16%"
"29.11.2017","6,145","6,140","6,170","6,125","2,61M","0,08%"
"28.11.2017","6,140","6,105","6,140","6,095","1,53M","0,66%"
"27.11.2017","6,100","6,155","6,180","6,100","2,46M","-0,41%"
"24.11.2017","6,125","6,140","6,180","6,125","1,77M","-0,41%"
"23.11.2017","6,150","6,110","6,160","6,110","1,65M","0,49%"
"22.11.2017","6,120","6,140","6,150","6,110","1,80M","-0,24%"
"21.11.2017","6,135","6,105","6,150","6,085","2,19M","0,49%"
"20.11.2017","6,105","6,120","6,135","6,085","2,25M","-0,16%"
"17.11.2017","6,115","6,140","6,145","6,100","2,50M","-0,24%"
"16.11.2017","6,130","6,150","6,170","6,115","2,90M","-0,49%"
"15.11.2017","6,160","6,115","6,180","6,090","3,82M","0,65%"
"14.11.2017","6,120","6,085","6,120","6,060","3,03M","0,58%"
"13.11.2017","6,085","6,155","6,155","6,070","2,94M","-0,81%"
"10.11.2017","6,135","6,175","6,200","6,105","4,40M","-0,65%"
"09.11.2017","6,175","6,225","6,290","6,130","5,60M","-0,80%"
"08.11.2017","6,225","6,265","6,270","6,200","2,55M","-0,48%"
"07.11.2017","6,255","6,270","6,315","6,250","2,07M","-0,40%"
"06.11.2017","6,280","6,250","6,295","6,215","2,51M","0,64%"
"03.11.2017","6,240","6,260","6,285","6,205","2,87M","-0,48%"
"02.11.2017","6,270","6,295","6,315","6,250","3,06M","-0,40%"
"01.11.2017","6,295","6,285","6,335","6,275","3,46M","0,32%"
"31.10.2017","6,275","6,260","6,280","6,245","1,60M","0,24%"
"30.10.2017","6,260","6,245","6,280","6,225","2,10M","0,48%"
"27.10.2017","6,230","6,275","6,280","6,210","2,50M","-0,72%"
"26.10.2017","6,275","6,190","6,275","6,185","3,48M","1,13%"
"25.10.2017","6,205","6,210","6,250","6,185","1,98M","-0,32%"
"24.10.2017","6,225","6,190","6,240","6,180","2,31M","0,65%"
"23.10.2017","6,185","6,220","6,220","6,165","2,54M","-0,40%"
"20.10.2017","6,210","6,225","6,250","6,200","2,04M","-0,48%"
"19.10.2017","6,240","6,225","6,250","6,185","2,74M","-0,16%"
"18.10.2017","6,250","6,215","6,250","6,185","2,57M","0,89%"
"17.10.2017","6,195","6,220","6,245","6,190","2,50M","-0,24%"
"16.10.2017","6,210","6,160","6,215","6,155","2,02M","0,73%"
"13.10.2017","6,165","6,210","6,230","6,160","2,54M","-0,32%"
"12.10.2017","6,185","6,210","6,235","6,180","2,23M","-0,24%"
"11.10.2017","6,200","6,165","6,205","6,150","2,48M","0,90%"
"10.10.2017","6,145","6,170","6,185","6,115","1,62M","-0,49%"
"09.10.2017","6,175","6,145","6,190","6,140","1,73M","0,49%"
"06.10.2017","6,145","6,155","6,175","6,125","2,04M","-0,24%"
"05.10.2017","6,160","6,195","6,200","6,150","2,65M","-0,56%"
"04.10.2017","6,195","6,250","6,255","6,160","2,44M","-0,88%"
"03.10.2017","6,250","6,265","6,280","6,205","2,13M","-0,24%"
"02.10.2017","6,265","6,240","6,265","6,225","1,87M","0,56%"
"29.09.2017","6,230","6,235","6,250","6,205","2,48M","0,24%"
"28.09.2017","6,215","6,195","6,240","6,150","2,82M","0,65%"
"27.09.2017","6,175","6,170","6,210","6,150","2,27M","0,57%"
"26.09.2017","6,140","6,140","6,175","6,130","1,52M","-0,16%"
"25.09.2017","6,150","6,180","6,205","6,140","2,18M","-0,57%"
"22.09.2017","6,185","6,145","6,210","6,140","2,07M","0,65%"
"21.09.2017","6,145","6,160","6,180","6,135","1,87M","-0,24%"
"20.09.2017","6,160","6,150","6,165","6,130","1,75M","0,16%"
"19.09.2017","6,150","6,215","6,220","6,145","2,38M","-0,89%"
"18.09.2017","6,205","6,195","6,240","6,190","1,58M","0,08%"
"15.09.2017","6,200","6,220","6,220","6,170","2,77M","0,08%"
"14.09.2017","6,195","6,210","6,225","6,170","2,02M","-0,24%"
"13.09.2017","6,210","6,255","6,260","6,190","2,94M","-0,64%"
"12.09.2017","6,250","6,170","6,250","6,150","4,67M","1,54%"
"11.09.2017","6,155","6,095","6,160","6,090","2,78M","1,15%"
"08.09.2017","6,085","6,055","6,095","6,030","2,12M","0,33%"
"07.09.2017","6,065","6,085","6,085","6,035","2,09M","0,00%"
"06.09.2017","6,065","6,030","6,065","6,015","2,79M","0,50%"
"05.09.2017","6,035","6,070","6,110","6,035","2,73M","-0,58%"
"04.09.2017","6,070","6,090","6,100","6,070","2,01M","-0,82%"
"01.09.2017","6,120","6,070","6,140","6,070","2,11M","0,25%"
"31.08.2017","6,105","6,150","6,170","6,105","2,23M","-0,65%"
"30.08.2017","6,145","6,110","6,145","6,105","1,93M","0,90%"
"29.08.2017","6,090","6,090","6,095","6,035","2,54M","-0,57%"
"28.08.2017","6,125","6,105","6,150","6,080","1,37M","0,25%"
"25.08.2017","6,110","6,090","6,145","6,090","1,29M","-0,16%"
"24.08.2017","6,120","6,090","6,120","6,050","1,91M","0,91%"
"23.08.2017","6,065","6,070","6,090","6,045","1,99M","0,00%"
"22.08.2017","6,065","6,125","6,140","6,060","1,82M","-0,74%"
"21.08.2017","6,110","6,105","6,120","6,065","1,58M","0,08%"
"18.08.2017","6,105","6,095","6,150","6,070","2,60M","-0,25%"
"17.08.2017","6,120","6,165","6,170","6,115","1,60M","-0,49%"
"16.08.2017","6,150","6,115","6,200","6,115","1,86M","0,65%"
"14.08.2017","6,110","6,120","6,145","6,100","1,26M","0,00%"
"11.08.2017","6,110","6,135","6,150","6,065","2,47M","-0,65%"
"10.08.2017","6,150","6,200","6,205","6,150","1,68M","-1,05%"
"09.08.2017","6,215","6,180","6,215","6,155","2,34M","-0,24%"
"08.08.2017","6,230","6,220","6,230","6,155","1,98M","0,24%"
"07.08.2017","6,215","6,150","6,225","6,135","2,63M","1,39%"
"04.08.2017","6,130","6,140","6,150","6,085","2,73M","0,33%"
"03.08.2017","6,110","6,300","6,300","6,110","6,05M","-2,78%"
"02.08.2017","6,285","6,230","6,300","6,205","2,21M","0,96%"
"01.08.2017","6,225","6,225","6,235","6,180","2,17M","0,08%"
"31.07.2017","6,220","6,200","6,260","6,190","2,72M","0,24%"
"28.07.2017","6,205","6,280","6,285","6,200","3,11M","-1,35%"
"27.07.2017","6,290","6,240","6,290","6,235","2,27M","0,48%"
"26.07.2017","6,260","6,225","6,270","6,220","2,96M","0,32%"
"25.07.2017","6,240","6,035","6,240","6,035","9,52M","3,40%"
"24.07.2017","6,035","6,025","6,040","5,985","2,12M","0,17%"
"21.07.2017","6,025","5,990","6,030","5,985","4,49M","1,01%"
"20.07.2017","5,965","5,995","6,005","5,965","4,34M","-0,25%"
"19.07.2017","5,980","6,045","6,065","5,975","4,13M","-1,24%"
"18.07.2017","6,055","6,065","6,085","6,025","1,82M","-0,25%"
"17.07.2017","6,070","6,095","6,110","6,065","2,03M","-0,16%"
"14.07.2017","6,080","6,095","6,115","6,045","1,83M","-0,25%"
"13.07.2017","6,095","6,125","6,125","6,065","2,22M","-0,49%"
"12.07.2017","6,125","6,070","6,125","6,070","2,96M","0,99%"
"11.07.2017","6,065","6,075","6,105","6,060","2,49M","-0,25%"
"10.07.2017","6,080","6,070","6,085","6,045","2,31M","0,25%"
"07.07.2017","6,065","6,050","6,065","5,980","2,53M","0,25%"
"06.07.2017","6,050","5,940","6,060","5,940","4,17M","1,77%"
"05.07.2017","5,945","5,985","6,010","5,945","3,36M","-0,42%"
"04.07.2017","5,970","5,995","6,010","5,970","2,51M","-0,58%"
"03.07.2017","6,005","6,005","6,015","5,955","3,32M","0,17%"
"30.06.2017","5,995","6,045","6,055","5,965","3,50M","-0,66%"
"29.06.2017","6,035","6,090","6,095","5,995","3,72M","-0,90%"
"28.06.2017","6,090","5,960","6,090","5,940","4,67M","2,18%"
"27.06.2017","5,960","6,015","6,035","5,960","2,63M","-1,00%"
"26.06.2017","6,020","6,020","6,075","6,015","3,19M","0,33%"
"23.06.2017","6,000","6,000","6,030","5,960","2,80M","0,17%"
"22.06.2017","5,990","6,055","6,065","5,990","4,01M","-1,48%"
"21.06.2017","6,080","6,050","6,080","6,030","4,53M","0,33%"
"20.06.2017","6,060","6,080","6,135","6,040","6,84M","0,33%"
"19.06.2017","6,040","6,130","6,180","6,040","10,52M","-6,79%"
"16.06.2017","6,480","6,480","6,490","6,440","8,03M","0,23%"
"15.06.2017","6,465","6,450","6,465","6,370","6,79M","0,54%"
"14.06.2017","6,430","6,400","6,440","6,400","4,10M","0,78%"
"13.06.2017","6,380","6,420","6,445","6,380","4,76M","-0,47%"
"12.06.2017","6,410","6,300","6,425","6,275","7,28M","1,75%"
"09.06.2017","6,300","6,230","6,300","6,205","4,53M","1,45%"
"08.06.2017","6,210","6,210","6,260","6,155","3,26M","0,40%"
"07.06.2017","6,185","6,190","6,225","6,135","3,85M","0,24%"
"06.06.2017","6,170","6,200","6,220","6,120","5,74M","-0,64%"
"05.06.2017","6,210","6,330","6,330","6,210","4,39M","-1,97%"
"02.06.2017","6,335","6,340","6,395","6,275","3,79M","-0,16%"
"01.06.2017","6,345","6,230","6,345","6,230","3,59M","1,36%"
"31.05.2017","6,260","6,365","6,365","6,210","8,77M","-1,42%"
"30.05.2017","6,350","6,340","6,360","6,275","4,94M","0,63%"
"29.05.2017","6,310","6,455","6,470","6,310","4,93M","-2,47%"
"26.05.2017","6,470","6,500","6,525","6,445","3,40M","-0,77%"
"25.05.2017","6,520","6,500","6,535","6,460","4,32M","0,31%"
"24.05.2017","6,500","6,410","6,500","6,410","4,16M","1,09%"
"23.05.2017","6,430","6,390","6,450","6,385","3,65M","0,70%"
"22.05.2017","6,385","6,350","6,420","6,340","2,86M","0,31%"
"19.05.2017","6,365","6,325","6,375","6,295","2,76M","1,03%"
"18.05.2017","6,300","6,295","6,325","6,170","5,20M","0,72%"
"17.05.2017","6,255","6,390","6,395","6,245","6,21M","-2,27%"
"16.05.2017","6,400","6,410","6,430","6,390","2,81M","0,00%"
"15.05.2017","6,400","6,445","6,445","6,380","4,12M","-0,54%"
"12.05.2017","6,435","6,350","6,435","6,340","2,51M","0,94%"
"11.05.2017","6,375","6,395","6,480","6,315","6,58M","-1,01%"
"10.05.2017","6,440","6,390","6,455","6,375","2,88M","0,70%"
"09.05.2017","6,395","6,365","6,395","6,365","2,74M","0,08%"
"08.05.2017","6,390","6,400","6,410","6,330","3,62M","0,16%"
"05.05.2017","6,380","6,360","6,400","6,320","3,30M","0,31%"
"04.05.2017","6,360","6,305","6,360","6,275","5,46M","1,03%"
"03.05.2017","6,295","6,305","6,320","6,285","1,99M","-0,32%"
"02.05.2017","6,315","6,290","6,330","6,285","1,94M","0,40%"
"28.04.2017","6,290","6,270","6,315","6,260","2,05M","0,32%"
"27.04.2017","6,270","6,300","6,320","6,270","2,56M","-0,87%"
"26.04.2017","6,325","6,280","6,325","6,270","3,03M","0,48%"
"25.04.2017","6,295","6,290","6,310","6,260","2,35M","0,08%"
"24.04.2017","6,290","6,220","6,290","6,195","5,66M","2,78%"
"21.04.2017","6,120","6,175","6,190","6,120","2,46M","-0,73%"
"20.04.2017","6,165","6,185","6,200","6,100","3,13M","-0,24%"
"19.04.2017","6,180","6,055","6,180","6,025","4,08M","2,06%"
"18.04.2017","6,055","6,140","6,160","6,055","3,40M","-0,98%"
"13.04.2017","6,115","6,140","6,175","6,115","2,82M","-0,33%"
"12.04.2017","6,135","6,200","6,230","6,125","3,78M","-1,05%"
"11.04.2017","6,200","6,240","6,240","6,175","2,91M","-0,80%"
"10.04.2017","6,250","6,230","6,250","6,190","1,57M","0,32%"
"07.04.2017","6,230","6,250","6,250","6,210","1,49M","-0,24%"
"06.04.2017","6,245","6,215","6,245","6,190","2,59M","0,32%"
"05.04.2017","6,225","6,260","6,270","6,220","2,49M","-0,16%"
"04.04.2017","6,235","6,250","6,275","6,220","2,04M","-0,08%"
"03.04.2017","6,240","6,285","6,310","6,240","2,30M","-0,16%"
"31.03.2017","6,250","6,250","6,295","6,250","3,07M","0,16%"
"30.03.2017","6,240","6,250","6,285","6,240","2,47M","-0,79%"
"29.03.2017","6,290","6,320","6,325","6,260","3,01M","-0,24%"
"28.03.2017","6,305","6,330","6,335","6,270","2,62M","-0,32%"
"27.03.2017","6,325","6,295","6,325","6,235","2,28M","0,56%"
"24.03.2017","6,290","6,300","6,310","6,275","2,67M","0,32%"
"23.03.2017","6,270","6,400","6,410","6,255","6,89M","-2,03%"
"22.03.2017","6,400","6,410","6,440","6,365","2,83M","-0,54%"
"21.03.2017","6,435","6,440","6,490","6,415","3,84M","0,39%"
"20.03.2017","6,410","6,450","6,490","6,410","3,76M","-1,31%"
"17.03.2017","6,495","6,450","6,495","6,390","5,26M","1,33%"
"16.03.2017","6,410","6,450","6,485","6,340","7,00M","0,55%"
"15.03.2017","6,375","6,410","6,410","6,335","2,99M","-0,16%"
"14.03.2017","6,385","6,440","6,440","6,300","5,73M","-0,85%"
"13.03.2017","6,440","6,480","6,480","6,390","2,53M","-0,23%"
"10.03.2017","6,455","6,450","6,535","6,415","7,18M","-0,31%"
"09.03.2017","6,475","6,285","6,480","6,255","5,56M","3,19%"
"08.03.2017","6,275","6,240","6,330","6,240","3,16M","0,40%"
"07.03.2017","6,250","6,350","6,370","6,230","3,46M","-1,57%"
"06.03.2017","6,350","6,120","6,350","6,120","9,25M","4,61%"
"03.03.2017","6,070","6,075","6,135","6,045","2,76M","-0,33%"
"02.03.2017","6,090","6,135","6,135","6,065","2,61M","-0,73%"
"01.03.2017","6,135","6,060","6,135","6,050","4,93M","1,24%"
"28.02.2017","6,060","6,045","6,065","5,985","3,67M","-0,08%"
"27.02.2017","6,065","5,980","6,065","5,955","2,85M","2,10%"
"24.02.2017","5,940","6,010","6,010","5,940","2,26M","-1,00%"
"23.02.2017","6,000","6,010","6,050","5,965","2,91M","0,17%"
"22.02.2017","5,990","5,990","6,005","5,940","2,39M","0,50%"
"21.02.2017","5,960","5,980","5,985","5,945","2,56M","0,00%"
"20.02.2017","5,960","6,050","6,075","5,950","2,64M","-1,57%"
"17.02.2017","6,055","6,000","6,055","5,965","3,34M","0,75%"
"16.02.2017","6,010","5,970","6,010","5,950","2,86M","0,25%"
"15.02.2017","5,995","6,000","6,060","5,990","2,61M","0,08%"
"14.02.2017","5,990","5,990","6,020","5,960","2,74M","0,00%"
"13.02.2017","5,990","6,025","6,030","5,985","2,42M","-0,17%"
"10.02.2017","6,000","6,100","6,100","6,000","1,87M","-1,23%"
"09.02.2017","6,075","5,985","6,095","5,960","3,44M","1,76%"
"08.02.2017","5,970","6,080","6,080","5,915","3,56M","-1,32%"
"07.02.2017","6,050","6,005","6,080","6,005","2,93M","1,26%"
"06.02.2017","5,975","6,095","6,100","5,950","3,10M","-1,81%"
"03.02.2017","6,085","6,045","6,095","6,005","2,82M","0,25%"
"02.02.2017","6,070","5,875","6,070","5,850","3,90M","3,85%"
"01.02.2017","5,845","5,845","5,885","5,805","3,10M","0,52%"
"31.01.2017","5,815","5,915","5,945","5,810","3,69M","-0,60%"
"30.01.2017","5,850","6,000","6,010","5,850","3,14M","-2,17%"
"27.01.2017","5,980","6,020","6,075","5,950","3,33M","-0,75%"
"26.01.2017","6,025","6,170","6,210","6,025","3,24M","-2,35%"
"25.01.2017","6,170","6,100","6,200","6,080","2,54M","1,23%"
"24.01.2017","6,095","6,060","6,145","6,060","3,03M","-0,08%"
"23.01.2017","6,100","6,070","6,110","6,035","1,77M","0,25%"
"20.01.2017","6,085","6,150","6,155","6,080","2,16M","-0,81%"
"19.01.2017","6,135","6,075","6,140","6,050","2,37M","1,32%"
"18.01.2017","6,055","6,075","6,080","6,020","1,95M","0,08%"
"17.01.2017","6,050","6,060","6,090","6,040","1,88M","-0,25%"
"16.01.2017","6,065","6,130","6,135","6,065","1,86M","-1,62%"
"13.01.2017","6,165","6,130","6,165","6,110","1,89M","1,07%"
"12.01.2017","6,100","6,135","6,145","6,095","2,46M","-0,81%"
"11.01.2017","6,150","6,160","6,165","6,080","2,94M","0,24%"
"10.01.2017","6,135","6,150","6,205","6,120","2,43M","-0,49%"
"09.01.2017","6,165","6,290","6,300","6,125","5,21M","-2,14%"
"06.01.2017","6,300","6,385","6,390","6,235","2,95M","-1,41%"
"05.01.2017","6,390","6,415","6,415","6,380","1,57M","-0,62%"
"04.01.2017","6,430","6,435","6,435","6,375","3,14M","0,47%"
"03.01.2017","6,400","6,405","6,470","6,385","2,84M","0,00%"
"02.01.2017","6,400","6,300","6,400","6,280","1,38M","1,51%"
"30.12.2016","6,305","6,305","6,365","6,305","1,26M","-0,63%"
"29.12.2016","6,345","6,325","6,350","6,280","1,40M","0,00%"
"28.12.2016","6,345","6,425","6,425","6,345","1,21M","-1,09%"
"27.12.2016","6,415","6,410","6,435","6,375","1,08M","0,08%"
"23.12.2016","6,410","6,305","6,410","6,305","2,03M","1,34%"
"22.12.2016","6,325","6,275","6,345","6,270","1,67M","0,56%"
"21.12.2016","6,290","6,330","6,330","6,265","1,41M","-0,79%"
"20.12.2016","6,340","6,255","6,340","6,235","2,47M","1,77%"
"19.12.2016","6,230","6,305","6,355","6,220","3,53M","-1,97%"
"16.12.2016","6,355","6,350","6,355","6,250","3,69M","0,39%"
"15.12.2016","6,330","6,230","6,330","6,195","4,45M","2,10%"
"14.12.2016","6,200","6,250","6,300","6,200","3,89M","-1,27%"
"13.12.2016","6,280","6,185","6,280","6,185","3,17M","0,80%"
"12.12.2016","6,230","6,180","6,255","6,165","2,39M","0,73%"
"09.12.2016","6,185","6,260","6,280","6,185","3,47M","-0,88%"
"08.12.2016","6,240","6,140","6,260","6,140","4,32M","0,97%"
"07.12.2016","6,180","6,085","6,180","6,070","4,95M","1,81%"
"06.12.2016","6,070","5,860","6,080","5,835","5,56M","3,50%"
"05.12.2016","5,865","5,730","5,950","5,710","7,12M","0,17%"
"02.12.2016","5,855","5,880","5,900","5,805","4,03M","-0,26%"
"01.12.2016","5,870","5,830","5,885","5,770","3,60M","0,09%"
"30.11.2016","5,865","5,765","5,865","5,755","7,37M","1,82%"
"29.11.2016","5,760","5,540","5,760","5,510","4,30M","3,97%"
"28.11.2016","5,540","5,600","5,605","5,480","3,11M","-1,34%"
"25.11.2016","5,615","5,610","5,645","5,570","1,97M","-0,27%"
"24.11.2016","5,630","5,680","5,700","5,585","1,89M","-0,18%"
"23.11.2016","5,640","5,680","5,685","5,560","2,98M","-0,18%"
"22.11.2016","5,650","5,660","5,720","5,620","3,87M","0,00%"
"21.11.2016","5,650","5,715","5,770","5,500","4,88M","-1,05%"
"18.11.2016","5,710","5,840","5,875","5,665","5,54M","-2,14%"
"17.11.2016","5,835","5,915","5,950","5,790","4,65M","-1,10%"
"16.11.2016","5,900","5,955","6,040","5,900","3,40M","-1,26%"
"15.11.2016","5,975","6,005","6,020","5,915","3,00M","-0,25%"
"14.11.2016","5,990","6,020","6,080","5,940","3,57M","0,34%"
"11.11.2016","5,970","6,060","6,070","5,950","2,97M","-0,67%"
"10.11.2016","6,010","6,100","6,140","5,960","5,04M","-0,83%"
"09.11.2016","6,060","5,825","6,090","5,810","3,55M","0,58%"
"08.11.2016","6,025","6,000","6,025","5,940","1,63M","0,92%"
"07.11.2016","5,970","5,985","6,020","5,945","2,17M","0,84%"
"04.11.2016","5,920","6,040","6,040","5,890","2,78M","-1,58%"
"03.11.2016","6,015","5,965","6,040","5,945","2,22M","1,01%"
"02.11.2016","5,955","6,045","6,050","5,935","2,82M","-1,57%"
"01.11.2016","6,050","6,080","6,125","6,045","1,85M","-0,25%"
"31.10.2016","6,065","6,105","6,105","6,045","2,06M","-0,90%"
"28.10.2016","6,120","6,160","6,180","6,090","2,60M","-1,05%"
"27.10.2016","6,185","6,155","6,185","6,130","2,05M","0,08%"
"26.10.2016","6,180","6,145","6,185","6,110","1,59M","0,57%"
"25.10.2016","6,145","6,150","6,190","6,070","2,19M","-0,57%"
"24.10.2016","6,180","6,130","6,195","6,125","2,34M","1,15%"
"21.10.2016","6,110","6,100","6,130","6,060","1,93M","0,74%"
"20.10.2016","6,065","6,070","6,085","6,040","2,22M","0,00%"
"19.10.2016","6,065","6,000","6,085","5,985","2,39M","1,68%"
"18.10.2016","5,965","6,055","6,070","5,955","3,86M","-1,40%"
"17.10.2016","6,050","6,020","6,070","5,995","1,79M","0,58%"
"14.10.2016","6,015","5,910","6,035","5,910","1,98M","1,26%"
"13.10.2016","5,940","6,000","6,005","5,910","4,33M","-1,66%"
"12.10.2016","6,040","6,080","6,100","6,020","1,67M","-0,74%"
"11.10.2016","6,085","6,170","6,170","6,080","1,39M","-1,70%"
"10.10.2016","6,190","6,045","6,200","6,010","2,21M","2,57%"
"07.10.2016","6,035","6,110","6,110","6,025","2,57M","-0,66%"
"06.10.2016","6,075","6,200","6,225","6,075","2,55M","-2,02%"
"05.10.2016","6,200","6,110","6,210","6,100","2,91M","0,81%"
"04.10.2016","6,150","6,110","6,150","6,060","2,25M","1,07%"
"03.10.2016","6,085","6,070","6,110","6,050","1,62M","-0,33%"
"30.09.2016","6,105","6,000","6,105","5,950","3,36M","0,74%"
"29.09.2016","6,060","6,100","6,115","6,020","1,68M","-0,16%"
"28.09.2016","6,070","6,110","6,145","6,050","1,96M","-0,25%"
"27.09.2016","6,085","6,130","6,155","6,050","2,16M","0,00%"
"26.09.2016","6,085","6,120","6,125","6,010","1,97M","-0,81%"
"23.09.2016","6,135","6,145","6,150","6,080","2,04M","0,25%"
"22.09.2016","6,120","6,165","6,200","6,120","2,25M","0,25%"
"21.09.2016","6,105","6,135","6,155","6,080","2,18M","0,41%"
"20.09.2016","6,080","6,150","6,155","6,080","1,83M","-0,57%"
"19.09.2016","6,115","6,120","6,160","6,110","1,95M","0,66%"
"16.09.2016","6,075","6,070","6,195","6,040","3,31M","-0,90%"
"15.09.2016","6,130","6,165","6,195","6,105","2,21M","-0,65%"
"14.09.2016","6,170","6,160","6,190","6,095","2,15M","0,57%"
"13.09.2016","6,135","6,110","6,210","6,080","3,16M","1,49%"
"12.09.2016","6,045","6,120","6,155","6,035","4,02M","-2,42%"
"09.09.2016","6,195","6,390","6,400","6,165","4,28M","-2,98%"
"08.09.2016","6,385","6,300","6,395","6,270","3,87M","-0,31%"
"07.09.2016","6,405","6,280","6,405","6,265","2,44M","1,99%"
"06.09.2016","6,280","6,315","6,325","6,265","1,16M","-0,40%"
"05.09.2016","6,305","6,285","6,330","6,250","1,18M","0,32%"
"02.09.2016","6,285","6,300","6,300","6,195","2,04M","0,24%"
"01.09.2016","6,270","6,280","6,365","6,255","2,45M","0,32%"
"31.08.2016","6,250","6,285","6,290","6,230","2,18M","-0,24%"
"30.08.2016","6,265","6,170","6,300","6,170","2,22M","1,87%"
"29.08.2016","6,150","6,220","6,235","6,150","1,37M","-1,44%"
"26.08.2016","6,240","6,235","6,245","6,165","1,56M","0,48%"
"25.08.2016","6,210","6,270","6,295","6,200","1,51M","-1,11%"
"24.08.2016","6,280","6,345","6,415","6,250","1,87M","-1,10%"
"23.08.2016","6,350","6,250","6,350","6,250","1,70M","1,68%"
"22.08.2016","6,245","6,230","6,295","6,140","2,03M","0,40%"
"19.08.2016","6,220","6,300","6,390","6,185","2,05M","-2,51%"
"18.08.2016","6,380","6,370","6,390","6,320","1,06M","1,03%"
"17.08.2016","6,315","6,465","6,470","6,310","1,83M","-2,02%"
"16.08.2016","6,445","6,570","6,585","6,430","2,48M","-2,05%"
"12.08.2016","6,580","6,520","6,585","6,520","1,97M","0,30%"
"11.08.2016","6,560","6,495","6,580","6,470","1,93M","1,39%"
"10.08.2016","6,470","6,450","6,510","6,435","2,03M","0,15%"
"09.08.2016","6,460","6,425","6,480","6,400","1,18M","0,70%"
"08.08.2016","6,415","6,450","6,500","6,400","2,02M","-0,54%"
"05.08.2016","6,450","6,270","6,450","6,270","3,23M","2,54%"
"04.08.2016","6,290","6,210","6,290","6,210","2,82M","1,53%"
"03.08.2016","6,195","6,000","6,200","5,970","3,26M","3,51%"
"02.08.2016","5,985","6,100","6,110","5,925","2,62M","-1,56%"
"01.08.2016","6,080","6,220","6,260","6,080","1,93M","-2,33%"
"29.07.2016","6,225","6,140","6,245","6,120","2,27M","1,88%"
"28.07.2016","6,110","6,150","6,200","6,095","1,45M","-1,21%"
"27.07.2016","6,185","6,185","6,240","6,150","1,83M","-0,24%"
"26.07.2016","6,200","6,195","6,225","6,120","1,29M","0,24%"
"25.07.2016","6,185","6,210","6,210","6,160","1,22M","-0,24%"
"22.07.2016","6,200","6,270","6,270","6,200","1,60M","-1,12%"
"21.07.2016","6,270","6,290","6,320","6,205","1,96M","-0,32%"
"20.07.2016","6,290","6,200","6,290","6,180","1,36M","1,53%"
"19.07.2016","6,195","6,230","6,255","6,090","1,86M","-0,56%"
"18.07.2016","6,230","6,240","6,320","6,175","1,85M","0,08%"
"15.07.2016","6,225","6,345","6,400","6,215","3,28M","-1,74%"
"14.07.2016","6,335","6,225","6,345","6,225","3,00M","2,34%"
"13.07.2016","6,190","6,200","6,220","6,120","2,32M","-0,24%"
"12.07.2016","6,205","5,960","6,220","5,955","4,08M","4,29%"
"11.07.2016","5,950","5,985","6,005","5,900","2,14M","0,25%"
"08.07.2016","5,935","5,705","5,935","5,700","3,51M","3,76%"
"07.07.2016","5,720","5,810","5,845","5,690","2,75M","-0,78%"
"06.07.2016","5,765","5,810","5,840","5,730","2,82M","-1,11%"
"05.07.2016","5,830","5,970","5,985","5,795","3,45M","-2,51%"
"04.07.2016","5,980","6,155","6,190","5,980","3,08M","-2,21%"
"01.07.2016","6,115","6,020","6,135","6,015","4,28M","2,60%"
"30.06.2016","5,960","5,970","5,975","5,845","7,62M","0,17%"
"29.06.2016","5,950","6,075","6,085","5,855","4,56M","-0,17%"
"28.06.2016","5,960","5,965","6,050","5,890","4,74M","2,67%"
"27.06.2016","5,805","6,170","6,230","5,800","6,05M","-5,92%"
"24.06.2016","6,170","5,800","6,360","5,705","11,20M","-7,91%"
"23.06.2016","6,700","6,620","6,715","6,535","5,66M","1,13%"
"22.06.2016","6,625","6,655","6,715","6,620","3,52M","-0,23%"
"21.06.2016","6,640","6,750","6,760","6,630","3,95M","-1,26%"
"20.06.2016","6,725","6,760","6,830","6,670","7,50M","-2,75%"
"17.06.2016","6,915","6,755","6,950","6,750","19,82M","2,98%"
"16.06.2016","6,715","6,740","6,790","6,615","5,29M","-0,96%"
"15.06.2016","6,780","6,810","6,885","6,755","6,71M","0,44%"
"14.06.2016","6,750","6,725","6,830","6,630","7,37M","0,07%"
"13.06.2016","6,745","6,750","6,800","6,680","5,44M","-1,53%"
"10.06.2016","6,850","6,980","7,000","6,800","6,21M","-2,14%"
"09.06.2016","7,000","6,980","7,035","6,930","3,35M","-0,21%"
"08.06.2016","7,015","6,975","7,025","6,935","3,98M","0,21%"
"07.06.2016","7,000","6,850","7,000","6,850","5,70M","1,82%"
"06.06.2016","6,875","6,860","6,900","6,815","2,91M","0,22%"
"03.06.2016","6,860","6,895","6,920","6,810","4,05M","-0,58%"
"02.06.2016","6,900","6,845","6,900","6,810","4,39M","1,02%"
"01.06.2016","6,830","6,890","6,890","6,780","4,86M","-0,73%"
"31.05.2016","6,880","6,890","6,915","6,845","38,42M","-0,07%"
"30.05.2016","6,885","6,760","6,885","6,745","4,62M","2,15%"
"27.05.2016","6,740","6,780","6,820","6,720","4,63M","-0,74%"
"26.05.2016","6,790","6,770","6,800","6,735","4,14M","-0,80%"
"25.05.2016","6,845","6,835","6,875","6,765","5,96M","0,15%"
"24.05.2016","6,835","6,700","6,850","6,630","8,10M","2,24%"
"23.05.2016","6,685","6,670","6,730","6,605","2,96M","0,22%"
"20.05.2016","6,670","6,700","6,730","6,610","4,01M","0,00%"
"19.05.2016","6,670","6,680","6,750","6,650","3,50M","-1,33%"
"18.05.2016","6,760","6,555","6,760","6,550","3,73M","2,74%"
"17.05.2016","6,580","6,795","6,795","6,560","4,28M","-2,52%"
"16.05.2016","6,750","6,750","6,815","6,725","3,01M","-0,07%"
"13.05.2016","6,755","6,700","6,805","6,670","5,66M","0,75%"
"12.05.2016","6,705","6,605","6,790","6,575","5,07M","1,59%"
"11.05.2016","6,600","6,800","6,840","6,525","5,48M","-2,00%"
"10.05.2016","6,735","6,660","6,765","6,660","2,85M","1,28%"
"09.05.2016","6,650","6,760","6,780","6,625","3,01M","-0,89%"
"06.05.2016","6,710","6,790","6,795","6,670","3,56M","-0,96%"
"05.05.2016","6,775","6,710","6,820","6,705","3,53M","0,82%"
"04.05.2016","6,720","6,575","6,745","6,570","3,64M","2,28%"
"03.05.2016","6,570","6,650","6,665","6,535","3,45M","-1,05%"
"02.05.2016","6,640","6,690","6,715","6,595","1,55M","-0,45%"
"29.04.2016","6,670","6,730","6,760","6,655","2,15M","-1,62%"
"28.04.2016","6,780","6,740","6,790","6,635","4,27M","0,22%"
"27.04.2016","6,765","6,655","6,770","6,650","3,80M","1,27%"
"26.04.2016","6,680","6,600","6,710","6,570","4,14M","1,98%"
"25.04.2016","6,550","6,565","6,615","6,510","2,24M","-0,23%"
"22.04.2016","6,565","6,450","6,565","6,450","2,59M","1,63%"
"21.04.2016","6,460","6,525","6,550","6,455","2,83M","-1,45%"
"20.04.2016","6,555","6,455","6,560","6,430","2,44M","1,31%"
"19.04.2016","6,470","6,520","6,570","6,455","3,51M","-0,84%"
"18.04.2016","6,525","6,430","6,560","6,400","2,98M","0,77%"
"15.04.2016","6,475","6,500","6,525","6,435","4,17M","-0,08%"
"14.04.2016","6,480","6,625","6,640","6,450","4,14M","-1,82%"
"13.04.2016","6,600","6,520","6,665","6,515","3,57M","2,17%"
"12.04.2016","6,460","6,470","6,540","6,380","3,22M","-0,46%"
"11.04.2016","6,490","6,440","6,600","6,410","3,50M","0,93%"
"08.04.2016","6,430","6,480","6,575","6,415","5,39M","0,55%"
"07.04.2016","6,395","6,385","6,510","6,360","5,08M","0,47%"
"06.04.2016","6,365","6,290","6,385","6,275","3,24M","1,60%"
"05.04.2016","6,265","6,410","6,450","6,205","3,84M","-2,87%"
"04.04.2016","6,450","6,505","6,595","6,450","3,41M","-1,68%"
"01.04.2016","6,560","6,615","6,705","6,525","3,69M","-1,35%"
"31.03.2016","6,650","6,715","6,730","6,630","2,89M","-1,48%"
"30.03.2016","6,750","6,645","6,795","6,645","3,02M","1,89%"
"29.03.2016","6,625","6,680","6,690","6,510","5,00M","-1,71%"
"24.03.2016","6,740","6,770","6,835","6,695","3,80M","-0,44%"
"23.03.2016","6,770","6,615","6,915","6,615","8,98M","3,36%"
"22.03.2016","6,550","6,480","6,580","6,380","3,19M","0,77%"
"21.03.2016","6,500","6,405","6,570","6,380","3,43M","1,17%"
"18.03.2016","6,425","6,375","6,465","6,315","6,55M","0,39%"
"17.03.2016","6,400","6,480","6,495","6,320","3,02M","-0,54%"
"16.03.2016","6,435","6,495","6,510","6,420","2,72M","-0,77%"
"15.03.2016","6,485","6,490","6,530","6,450","2,58M","-0,08%"
"14.03.2016","6,490","6,450","6,545","6,395","3,15M","0,70%"
"11.03.2016","6,445","6,180","6,450","6,175","6,16M","5,22%"
"10.03.2016","6,125","6,170","6,340","6,120","4,19M","-0,73%"
"09.03.2016","6,170","6,120","6,220","6,120","1,66M","0,65%"
"08.03.2016","6,130","6,170","6,210","6,095","2,41M","-1,13%"
"07.03.2016","6,200","6,100","6,200","6,055","3,07M","1,56%"
"04.03.2016","6,105","6,190","6,205","6,050","2,96M","-0,89%"
"03.03.2016","6,160","6,240","6,240","6,120","3,39M","-0,88%"
"02.03.2016","6,215","6,310","6,415","6,165","3,97M","-0,88%"
"01.03.2016","6,270","6,150","6,320","6,120","3,02M","1,70%"
"29.02.2016","6,165","6,085","6,165","6,025","1,90M","1,40%"
"26.02.2016","6,080","6,140","6,160","6,050","2,26M","0,00%"
"25.02.2016","6,080","5,990","6,145","5,955","2,97M","2,88%"
"24.02.2016","5,910","5,985","6,030","5,865","3,07M","-1,01%"
"23.02.2016","5,970","6,075","6,190","5,965","4,27M","-2,21%"
"22.02.2016","6,105","6,000","6,155","5,980","4,43M","3,56%"
"19.02.2016","5,895","5,735","5,940","5,660","4,90M","2,17%"
"18.02.2016","5,770","5,870","6,000","5,770","5,38M","-0,43%"
"17.02.2016","5,795","5,640","5,975","5,610","7,12M","4,04%"
"16.02.2016","5,570","5,640","5,670","5,520","3,46M","-0,45%"
"15.02.2016","5,595","5,640","5,695","5,505","6,42M","3,04%"
"12.02.2016","5,430","5,510","5,530","5,320","5,38M","0,37%"
"11.02.2016","5,410","5,675","5,675","5,255","6,84M","-4,33%"
"10.02.2016","5,655","5,235","5,735","5,185","6,84M","9,38%"
"09.02.2016","5,170","5,400","5,445","4,982","11,32M","-3,54%"
"08.02.2016","5,360","6,075","6,115","5,340","10,18M","-10,44%"
"05.02.2016","5,985","6,305","6,325","5,970","5,42M","-5,45%"
"04.02.2016","6,330","6,365","6,440","6,270","3,29M","0,48%"
"03.02.2016","6,300","6,510","6,520","6,295","3,71M","-3,08%"
"02.02.2016","6,500","6,645","6,655","6,390","4,72M","-2,11%"
"01.02.2016","6,640","6,825","6,830","6,530","6,55M","-2,71%"
"29.01.2016","6,825","6,785","6,825","6,710","3,30M","2,55%"
"28.01.2016","6,655","6,790","6,815","6,635","3,70M","-2,06%"
"27.01.2016","6,795","6,750","6,795","6,645","3,03M","1,27%"
"26.01.2016","6,710","6,500","6,765","6,450","3,61M","2,91%"
"25.01.2016","6,520","6,720","6,775","6,510","4,24M","-2,10%"
"22.01.2016","6,660","6,710","6,885","6,605","7,90M","1,29%"
"21.01.2016","6,575","6,360","6,590","6,180","7,69M","3,87%"
"20.01.2016","6,330","6,630","6,675","6,280","9,71M","-5,52%"
"19.01.2016","6,700","6,940","6,955","6,665","6,30M","-1,90%"
"18.01.2016","6,830","7,045","7,110","6,760","4,88M","-2,98%"
"15.01.2016","7,040","7,060","7,170","6,985","6,62M","-1,26%"
"14.01.2016","7,130","7,080","7,145","7,020","4,27M","-0,56%"
"13.01.2016","7,170","7,095","7,170","7,075","2,91M","1,20%"
"12.01.2016","7,085","6,910","7,115","6,900","2,75M","2,38%"
"11.01.2016","6,920","6,995","7,045","6,920","2,91M","-0,93%"
"08.01.2016","6,985","7,060","7,100","6,970","3,18M","-0,92%"
"07.01.2016","7,050","7,000","7,200","6,985","4,70M","-0,56%"
"06.01.2016","7,090","7,195","7,200","7,045","3,08M","-1,53%"
"05.01.2016","7,200","7,010","7,200","6,995","2,92M","3,37%"
"04.01.2016","6,965","7,070","7,070","6,945","2,53M","-1,90%"
"30.12.2015","7,100","7,125","7,150","7,090","1,32M","-0,70%"
"29.12.2015","7,150","7,125","7,160","7,105","1,71M","0,70%"
"28.12.2015","7,100","7,140","7,165","7,095","1,41M","-0,70%"
"23.12.2015","7,150","7,150","7,180","7,095","2,29M","0,78%"
"22.12.2015","7,095","7,130","7,160","7,065","2,40M","-0,28%"
"21.12.2015","7,115","7,130","7,180","7,070","3,16M","-0,63%"
"18.12.2015","7,160","7,050","7,160","6,985","21,56M","0,92%"
"17.12.2015","7,095","7,000","7,145","6,965","4,35M","2,68%"
"16.12.2015","6,910","6,915","6,990","6,850","2,79M","1,02%"
"15.12.2015","6,840","6,830","6,930","6,805","2,10M","1,33%"
"14.12.2015","6,750","6,950","6,980","6,715","3,08M","-2,88%"
"11.12.2015","6,950","7,075","7,135","6,950","3,29M","-1,42%"
"10.12.2015","7,050","7,075","7,115","7,040","2,03M","-0,56%"
"09.12.2015","7,090","7,150","7,175","7,075","2,38M","-1,25%"
"08.12.2015","7,180","7,140","7,210","7,090","1,71M","0,42%"
"07.12.2015","7,150","7,050","7,160","7,040","3,08M","1,27%"
"04.12.2015","7,060","7,140","7,170","6,955","3,97M","-1,12%"
"03.12.2015","7,140","7,180","7,265","7,105","6,95M","-0,42%"
"02.12.2015","7,170","7,095","7,245","7,080","6,32M","1,99%"
"01.12.2015","7,030","7,045","7,110","7,000","2,95M","-0,21%"
"30.11.2015","7,045","7,015","7,060","6,980","2,70M","-0,07%"
"27.11.2015","7,050","6,860","7,050","6,830","4,70M","2,40%"
"26.11.2015","6,885","6,790","6,890","6,785","5,10M","1,40%"
"25.11.2015","6,790","6,770","6,805","6,750","1,98M","0,15%"
"24.11.2015","6,780","6,745","6,780","6,690","1,71M","0,44%"
"23.11.2015","6,750","6,780","6,790","6,710","1,83M","-0,59%"
"20.11.2015","6,790","6,785","6,800","6,740","1,88M","-0,22%"
"19.11.2015","6,805","6,775","6,805","6,740","2,00M","0,81%"
"18.11.2015","6,750","6,770","6,770","6,735","917,92K","-0,15%"
"17.11.2015","6,760","6,765","6,810","6,750","4,04M","0,15%"
"16.11.2015","6,750","6,680","6,770","6,655","2,10M","0,00%"
"13.11.2015","6,750","6,705","6,750","6,685","1,92M","0,75%"
"12.11.2015","6,700","6,715","6,740","6,660","1,29M","0,15%"
"11.11.2015","6,690","6,705","6,750","6,655","2,61M","0,00%"
"10.11.2015","6,690","6,680","6,730","6,650","4,96M","2,69%"
"09.11.2015","6,515","6,675","6,745","6,515","6,82M","-2,03%"
"06.11.2015","6,650","6,575","6,670","6,555","3,10M","1,53%"
"05.11.2015","6,550","6,575","6,600","6,500","3,34M","0,08%"
"04.11.2015","6,545","6,650","6,655","6,520","3,40M","-0,53%"
"03.11.2015","6,580","6,640","6,660","6,515","3,77M","-0,30%"
"02.11.2015","6,600","6,515","6,645","6,475","7,03M","1,54%"
"30.10.2015","6,500","6,450","6,540","6,430","7,58M","1,40%"
"29.10.2015","6,410","6,710","6,715","6,410","28,48M","-4,33%"
"28.10.2015","6,700","6,700","6,755","6,660","13,16M","0,00%"